,stock,date,0
0,Belgium OLO 3.75% 22jun2045,2022-09-23,0.0
1,Belgium OLO 3.75% 22jun2045,2022-09-26,-1304.068947750136
2,Belgium OLO 3.75% 22jun2045,2022-09-27,-2643.0573569399967
3,Belgium OLO 3.75% 22jun2045,2022-09-28,201.69645750017935
4,Belgium OLO 3.75% 22jun2045,2022-09-29,-1982.5076716500016
5,Belgium OLO 3.75% 22jun2045,2022-09-30,783.6539965099296
6,Belgium OLO 3.75% 22jun2045,2022-10-03,3268.7539110449748
7,Belgium OLO 3.75% 22jun2045,2022-10-04,122.59238046008022
8,Belgium OLO 3.75% 22jun2045,2022-10-05,-2323.0167120000033
9,Belgium OLO 3.75% 22jun2045,2022-10-06,-359.19921600002453
10,Belgium OLO 3.75% 22jun2045,2022-10-07,-1564.5819596001306
11,Belgium OLO 3.75% 22jun2045,2022-10-10,-1864.3857249598577
12,Belgium OLO 3.75% 22jun2045,2022-10-11,-338.4286516800769
13,Belgium OLO 3.75% 22jun2045,2022-10-12,-1310.313128199983
14,Belgium OLO 3.75% 22jun2045,2022-10-13,779.1631120750458
15,Belgium OLO 3.75% 22jun2045,2022-10-14,-1668.3744020999507
16,Belgium OLO 3.75% 22jun2045,2022-10-17,1299.7183473498978
17,Belgium OLO 3.75% 22jun2045,2022-10-18,-35.66492556006142
18,Belgium OLO 3.75% 22jun2045,2022-10-19,-100.50748094985124
19,Belgium OLO 3.75% 22jun2045,2022-10-20,-361.90434150012834
20,Belgium OLO 3.75% 22jun2045,2022-10-21,-881.9029293749907
21,Belgium OLO 3.75% 22jun2045,2022-10-24,1812.1053904501227
22,Belgium OLO 3.75% 22jun2045,2022-10-25,2485.5026605199946
23,Belgium OLO 3.75% 22jun2045,2022-10-26,434.39609040000164
24,Belgium OLO 3.75% 22jun2045,2022-10-27,1540.1034597898827
25,Belgium OLO 3.75% 22jun2045,2022-10-28,-220.2316947600159
26,Belgium OLO 3.75% 22jun2045,2022-10-31,-1976.6678755999355
27,Belgium OLO 3.75% 22jun2045,2022-11-01,90.39586028003669
28,Belgium OLO 3.75% 22jun2045,2022-11-02,641.6217738000437
29,Belgium OLO 3.75% 22jun2045,2022-11-03,-1021.2717795000794
30,Belgium OLO 3.75% 22jun2045,2022-11-04,-649.667521860071
31,Belgium OLO 3.75% 22jun2045,2022-11-07,294.4829132400173
32,Belgium OLO 3.75% 22jun2045,2022-11-08,695.5899732399921
33,Belgium OLO 3.75% 22jun2045,2022-11-09,986.5509295999818
34,Belgium OLO 3.75% 22jun2045,2022-11-10,2184.9774016350416
35,Belgium OLO 3.75% 22jun2045,2022-11-11,-2501.129544479938
36,Belgium OLO 3.75% 22jun2045,2022-11-14,-51.43100363497592
37,Belgium OLO 3.75% 22jun2045,2022-11-15,1137.868692659926
38,Belgium OLO 3.75% 22jun2045,2022-11-16,1721.6245875149618
39,Belgium OLO 3.75% 22jun2045,2022-11-17,-22.855078950037296
40,Belgium OLO 3.75% 22jun2045,2022-11-18,468.7249594801176
41,Belgium OLO 3.75% 22jun2045,2022-11-21,640.0205116300078
42,Belgium OLO 3.75% 22jun2045,2022-11-22,261.2918290298817
43,Belgium OLO 3.75% 22jun2045,2022-11-23,1929.5709569999872
44,Belgium OLO 3.75% 22jun2045,2022-11-25,-544.29054299992
45,Belgium OLO 3.75% 22jun2045,2022-11-28,-332.8374712199361
46,Belgium OLO 3.75% 22jun2045,2022-11-29,1313.482808269912
47,Belgium OLO 3.75% 22jun2045,2022-11-30,-162.76510970992263
48,Belgium OLO 3.75% 22jun2045,2022-12-01,1526.2780580199787
49,Belgium OLO 3.75% 22jun2045,2022-12-02,-17.534796999985247
50,Belgium OLO 3.75% 22jun2045,2022-12-05,44.956159950043
51,Belgium OLO 3.75% 22jun2045,2022-12-06,848.4143672549278
52,Belgium OLO 3.75% 22jun2045,2022-12-07,164.98119592495482
53,Belgium OLO 3.75% 22jun2045,2022-12-08,-250.83859593005582
54,Belgium OLO 3.75% 22jun2045,2022-12-09,-1574.974325339816
55,Belgium OLO 3.75% 22jun2045,2022-12-12,453.829050089985
56,Belgium OLO 3.75% 22jun2045,2022-12-13,-22.767869550129035
57,Belgium OLO 3.75% 22jun2045,2022-12-14,-1324.130207449873
58,Belgium OLO 3.75% 22jun2045,2022-12-15,-1975.0927198000659
59,Belgium OLO 3.75% 22jun2045,2022-12-16,-1291.2929081400212
60,Belgium OLO 3.75% 22jun2045,2022-12-19,-692.7954569998974
61,Belgium OLO 3.75% 22jun2045,2022-12-20,-1950.4630048100337
62,Belgium OLO 3.75% 22jun2045,2022-12-21,53.76269703000594
63,Belgium OLO 3.75% 22jun2045,2022-12-22,-748.5020367300028
64,Belgium OLO 3.75% 22jun2045,2022-12-23,-329.99027470510305
65,Belgium OLO 3.75% 22jun2045,2022-12-27,-2104.6692772349866
66,Belgium OLO 3.75% 22jun2045,2022-12-28,-85.88070896987847
67,Belgium OLO 3.75% 22jun2045,2022-12-29,711.0032995249037
68,Belgium OLO 3.75% 22jun2045,2022-12-30,-804.585277024911
69,Freddie Mac 0.375% 23sep2025,2022-09-23,0.0
70,Freddie Mac 0.375% 23sep2025,2022-09-26,-377.8466758675522
71,Freddie Mac 0.375% 23sep2025,2022-09-27,-71.14289886004781
72,Freddie Mac 0.375% 23sep2025,2022-09-28,485.5284510480451
73,Freddie Mac 0.375% 23sep2025,2022-09-29,153.7030049760906
74,Freddie Mac 0.375% 23sep2025,2022-09-30,11.752799831866014
75,Freddie Mac 0.375% 23sep2025,2022-10-03,363.8298541870638
76,Freddie Mac 0.375% 23sep2025,2022-10-04,141.76914764943922
77,Freddie Mac 0.375% 23sep2025,2022-10-05,-294.759947356662
78,Freddie Mac 0.375% 23sep2025,2022-10-06,-186.91833772863174
79,Freddie Mac 0.375% 23sep2025,2022-10-07,-270.5201588750833
80,Freddie Mac 0.375% 23sep2025,2022-10-10,0.0
81,Freddie Mac 0.375% 23sep2025,2022-10-11,-233.76220950612606
82,Freddie Mac 0.375% 23sep2025,2022-10-12,336.1170250261616
83,Freddie Mac 0.375% 23sep2025,2022-10-13,-496.7470085399218
84,Freddie Mac 0.375% 23sep2025,2022-10-14,0.0
85,Freddie Mac 0.375% 23sep2025,2022-10-17,102.09703013996432
86,Freddie Mac 0.375% 23sep2025,2022-10-18,-174.1785688801442
87,Freddie Mac 0.375% 23sep2025,2022-10-19,-340.70833332000575
88,Freddie Mac 0.375% 23sep2025,2022-10-20,-170.38545465594916
89,Freddie Mac 0.375% 23sep2025,2022-10-21,362.9578826341085
90,Freddie Mac 0.375% 23sep2025,2022-10-24,-70.29063261007468
91,Freddie Mac 0.375% 23sep2025,2022-10-25,412.1159762700513
92,Freddie Mac 0.375% 23sep2025,2022-10-26,268.5198809338199
93,Freddie Mac 0.375% 23sep2025,2022-10-27,264.6360299879857
94,Freddie Mac 0.375% 23sep2025,2022-10-28,-498.50839286985456
95,Freddie Mac 0.375% 23sep2025,2022-10-31,69.37238443630235
96,Freddie Mac 0.375% 23sep2025,2022-11-01,-212.1933513431527
97,Freddie Mac 0.375% 23sep2025,2022-11-02,-144.82669521064554
98,Freddie Mac 0.375% 23sep2025,2022-11-03,-237.54785190300936
99,Freddie Mac 0.375% 23sep2025,2022-11-04,154.75036048205993
100,Freddie Mac 0.375% 23sep2025,2022-11-07,-257.4418727699126
101,Freddie Mac 0.375% 23sep2025,2022-11-08,377.5732721099371
102,Freddie Mac 0.375% 23sep2025,2022-11-09,236.99704221000457
103,Freddie Mac 0.375% 23sep2025,2022-11-10,1054.71039600002
104,Freddie Mac 0.375% 23sep2025,2022-11-11,0.0
105,Freddie Mac 0.375% 23sep2025,2022-11-14,-212.7039442879891
106,Freddie Mac 0.375% 23sep2025,2022-11-15,138.88077260617592
107,Freddie Mac 0.375% 23sep2025,2022-11-16,172.61022136576412
108,Freddie Mac 0.375% 23sep2025,2022-11-17,-495.7615946622916
109,Freddie Mac 0.375% 23sep2025,2022-11-18,24.073140745418414
110,Freddie Mac 0.375% 23sep2025,2022-11-21,-45.11876300025642
111,Freddie Mac 0.375% 23sep2025,2022-11-22,-13.851768919914548
112,Freddie Mac 0.375% 23sep2025,2022-11-23,201.65182215305003
113,Freddie Mac 0.375% 23sep2025,2022-11-25,19.955791375966555
114,Freddie Mac 0.375% 23sep2025,2022-11-28,68.11751065270732
115,Freddie Mac 0.375% 23sep2025,2022-11-29,-50.569351707413034
116,Freddie Mac 0.375% 23sep2025,2022-11-30,390.08598876349083
117,Freddie Mac 0.375% 23sep2025,2022-12-01,-105.65596602478308
118,Freddie Mac 0.375% 23sep2025,2022-12-02,615.8537994841856
119,Freddie Mac 0.375% 23sep2025,2022-12-05,-314.7387574240636
120,Freddie Mac 0.375% 23sep2025,2022-12-06,60.019600190073106
121,Freddie Mac 0.375% 23sep2025,2022-12-07,359.2801719953527
122,Freddie Mac 0.375% 23sep2025,2022-12-08,-343.77782234438996
123,Freddie Mac 0.375% 23sep2025,2022-12-09,-227.60131902009584
124,Freddie Mac 0.375% 23sep2025,2022-12-12,153.01137358188066
125,Freddie Mac 0.375% 23sep2025,2022-12-13,-22.62900060294737
126,Freddie Mac 0.375% 23sep2025,2022-12-14,444.6337135502224
127,Freddie Mac 0.375% 23sep2025,2022-12-15,80.79029123792066
128,Freddie Mac 0.375% 23sep2025,2022-12-16,163.9239643118301
129,Freddie Mac 0.375% 23sep2025,2022-12-19,-253.89883541996028
130,Freddie Mac 0.375% 23sep2025,2022-12-20,100.4221546107276
131,Freddie Mac 0.375% 23sep2025,2022-12-21,344.2150706892319
132,Freddie Mac 0.375% 23sep2025,2022-12-22,-453.05080644645705
133,Freddie Mac 0.375% 23sep2025,2022-12-23,-174.29257361459827
134,Freddie Mac 0.375% 23sep2025,2022-12-27,-236.94697928677078
135,Freddie Mac 0.375% 23sep2025,2022-12-28,18.92481308780998
136,Freddie Mac 0.375% 23sep2025,2022-12-29,129.3211476692593
137,Freddie Mac 0.375% 23sep2025,2022-12-30,-219.1316660676066
138,Japan JGB 0.1% 20jun2031,2022-09-23,0.0
139,Japan JGB 0.1% 20jun2031,2022-09-26,0.0
140,Japan JGB 0.1% 20jun2031,2022-09-27,0.0
141,Japan JGB 0.1% 20jun2031,2022-09-28,0.0
142,Japan JGB 0.1% 20jun2031,2022-09-29,0.0
143,Japan JGB 0.1% 20jun2031,2022-09-30,0.0
144,Japan JGB 0.1% 20jun2031,2022-10-03,0.0
145,Japan JGB 0.1% 20jun2031,2022-10-04,0.0
146,Japan JGB 0.1% 20jun2031,2022-10-05,0.0
147,Japan JGB 0.1% 20jun2031,2022-10-06,0.0
148,Japan JGB 0.1% 20jun2031,2022-10-07,0.0
149,Japan JGB 0.1% 20jun2031,2022-10-10,0.0
150,Japan JGB 0.1% 20jun2031,2022-10-11,0.0
151,Japan JGB 0.1% 20jun2031,2022-10-12,0.0
152,Japan JGB 0.1% 20jun2031,2022-10-13,0.0
153,Japan JGB 0.1% 20jun2031,2022-10-14,0.0
154,Japan JGB 0.1% 20jun2031,2022-10-17,0.0
155,Japan JGB 0.1% 20jun2031,2022-10-18,0.0
156,Japan JGB 0.1% 20jun2031,2022-10-19,0.0
157,Japan JGB 0.1% 20jun2031,2022-10-20,0.0
158,Japan JGB 0.1% 20jun2031,2022-10-21,0.0
159,Japan JGB 0.1% 20jun2031,2022-10-24,0.0
160,Japan JGB 0.1% 20jun2031,2022-10-25,0.0
161,Japan JGB 0.1% 20jun2031,2022-10-26,0.0
162,Japan JGB 0.1% 20jun2031,2022-10-27,0.0
163,Japan JGB 0.1% 20jun2031,2022-10-28,0.0
164,Japan JGB 0.1% 20jun2031,2022-10-31,0.0
165,Japan JGB 0.1% 20jun2031,2022-11-01,0.0
166,Japan JGB 0.1% 20jun2031,2022-11-02,0.0
167,Japan JGB 0.1% 20jun2031,2022-11-03,0.0
168,Japan JGB 0.1% 20jun2031,2022-11-04,0.0
169,Japan JGB 0.1% 20jun2031,2022-11-07,0.0
170,Japan JGB 0.1% 20jun2031,2022-11-08,0.0
171,Japan JGB 0.1% 20jun2031,2022-11-09,0.0
172,Japan JGB 0.1% 20jun2031,2022-11-10,0.0
173,Japan JGB 0.1% 20jun2031,2022-11-11,0.0
174,Japan JGB 0.1% 20jun2031,2022-11-14,0.0
175,Japan JGB 0.1% 20jun2031,2022-11-15,0.0
176,Japan JGB 0.1% 20jun2031,2022-11-16,0.0
177,Japan JGB 0.1% 20jun2031,2022-11-17,0.0
178,Japan JGB 0.1% 20jun2031,2022-11-18,0.0
179,Japan JGB 0.1% 20jun2031,2022-11-21,0.0
180,Japan JGB 0.1% 20jun2031,2022-11-22,0.0
181,Japan JGB 0.1% 20jun2031,2022-11-23,0.0
182,Japan JGB 0.1% 20jun2031,2022-11-25,0.0
183,Japan JGB 0.1% 20jun2031,2022-11-28,0.0
184,Japan JGB 0.1% 20jun2031,2022-11-29,0.0
185,Japan JGB 0.1% 20jun2031,2022-11-30,0.0
186,Japan JGB 0.1% 20jun2031,2022-12-01,0.0
187,Japan JGB 0.1% 20jun2031,2022-12-02,0.0
188,Japan JGB 0.1% 20jun2031,2022-12-05,0.0
189,Japan JGB 0.1% 20jun2031,2022-12-06,-635.6877825604461
190,Japan JGB 0.1% 20jun2031,2022-12-07,-644.0757595200084
191,Japan JGB 0.1% 20jun2031,2022-12-08,751.8261378700365
192,Japan JGB 0.1% 20jun2031,2022-12-09,154.0993324797871
193,Japan JGB 0.1% 20jun2031,2022-12-12,426.2378688003446
194,Japan JGB 0.1% 20jun2031,2022-12-13,-208.3956624002858
195,Japan JGB 0.1% 20jun2031,2022-12-14,-423.09541439943496
196,Japan JGB 0.1% 20jun2031,2022-12-15,202.63023359988074
197,Japan JGB 0.1% 20jun2031,2022-12-16,-687.3940512003792
198,Japan JGB 0.1% 20jun2031,2022-12-19,55.89977760054535
199,Japan JGB 0.1% 20jun2031,2022-12-20,-216.30411000034974
200,Japan JGB 0.1% 20jun2031,2022-12-21,-5598.03563079953
201,Japan JGB 0.1% 20jun2031,2022-12-22,-2714.1650010408157
202,Japan JGB 0.1% 20jun2031,2022-12-23,2991.15309458114
203,Japan JGB 0.1% 20jun2031,2022-12-27,-2356.208191700579
204,Japan JGB 0.1% 20jun2031,2022-12-28,-1014.293989329567
205,Japan JGB 0.1% 20jun2031,2022-12-29,-205.62671346012576
206,Japan JGB 0.1% 20jun2031,2022-12-30,-217.5237416007485
207,Japan JGB 0.1% 20sep2027,2022-09-23,0.0
208,Japan JGB 0.1% 20sep2027,2022-09-26,510.95572955960665
209,Japan JGB 0.1% 20sep2027,2022-09-27,-762.8728090199929
210,Japan JGB 0.1% 20sep2027,2022-09-28,-513.4893887095325
211,Japan JGB 0.1% 20sep2027,2022-09-29,251.9163176092045
212,Japan JGB 0.1% 20sep2027,2022-09-30,161.040673600246
213,Japan JGB 0.1% 20sep2027,2022-10-03,255.01925119978296
214,Japan JGB 0.1% 20sep2027,2022-10-04,247.33861491088828
215,Japan JGB 0.1% 20sep2027,2022-10-05,404.79127179006605
216,Japan JGB 0.1% 20sep2027,2022-10-06,-47.734981500449294
217,Japan JGB 0.1% 20sep2027,2022-10-07,1.0182379205241432
218,Japan JGB 0.1% 20sep2027,2022-10-10,0.0
219,Japan JGB 0.1% 20sep2027,2022-10-11,-250.38845283090245
220,Japan JGB 0.1% 20sep2027,2022-10-12,-356.5502187300399
221,Japan JGB 0.1% 20sep2027,2022-10-13,-4.576585319739479
222,Japan JGB 0.1% 20sep2027,2022-10-14,-252.4247255094799
223,Japan JGB 0.1% 20sep2027,2022-10-17,101.07174446917566
224,Japan JGB 0.1% 20sep2027,2022-10-18,-254.4581031598027
225,Japan JGB 0.1% 20sep2027,2022-10-19,-1.5243094801010102
226,Japan JGB 0.1% 20sep2027,2022-10-20,-304.7987807999107
227,Japan JGB 0.1% 20sep2027,2022-10-21,-560.8271231997333
228,Japan JGB 0.1% 20sep2027,2022-10-24,-198.12701039972126
229,Japan JGB 0.1% 20sep2027,2022-10-25,-53.84261520069231
230,Japan JGB 0.1% 20sep2027,2022-10-26,511.1441287198468
231,Japan JGB 0.1% 20sep2027,2022-10-27,610.7378259204802
232,Japan JGB 0.1% 20sep2027,2022-10-28,708.1493584003329
233,Japan JGB 0.1% 20sep2027,2022-10-31,-155.45226720017126
234,Japan JGB 0.1% 20sep2027,2022-11-01,-150.8432526001361
235,Japan JGB 0.1% 20sep2027,2022-11-02,105.64838057953284
236,Japan JGB 0.1% 20sep2027,2022-11-03,0.0
237,Japan JGB 0.1% 20sep2027,2022-11-04,-99.5462668198802
238,Japan JGB 0.1% 20sep2027,2022-11-07,-261.0673550693009
239,Japan JGB 0.1% 20sep2027,2022-11-08,2.5412776501952976
240,Japan JGB 0.1% 20sep2027,2022-11-09,107.68008215910345
241,Japan JGB 0.1% 20sep2027,2022-11-10,300.16509075073554
242,Japan JGB 0.1% 20sep2027,2022-11-11,45.194211749502074
243,Japan JGB 0.1% 20sep2027,2022-11-14,516.5516701796018
244,Japan JGB 0.1% 20sep2027,2022-11-15,-357.0590837389457
245,Japan JGB 0.1% 20sep2027,2022-11-16,-157.4577358808972
246,Japan JGB 0.1% 20sep2027,2022-11-17,152.87795079035163
247,Japan JGB 0.1% 20sep2027,2022-11-18,1.526595030181852
248,Japan JGB 0.1% 20sep2027,2022-11-21,-454.5670462797916
249,Japan JGB 0.1% 20sep2027,2022-11-22,-48.75672393086643
250,Japan JGB 0.1% 20sep2027,2022-11-23,0.0
251,Japan JGB 0.1% 20sep2027,2022-11-25,198.075819420445
252,Japan JGB 0.1% 20sep2027,2022-11-28,-560.7203302497069
253,Japan JGB 0.1% 20sep2027,2022-11-29,5.080015799530884
254,Japan JGB 0.1% 20sep2027,2022-11-30,-355.0933207996968
255,Japan JGB 0.1% 20sep2027,2022-12-01,-7.10844400001406
256,Japan JGB 0.1% 20sep2027,2022-12-02,259.5854599998165
257,Japan JGB 0.1% 20sep2027,2022-12-05,-99.5685079996656
258,Japan JGB 0.1% 20sep2027,2022-12-06,-302.77114960042127
259,Japan JGB 0.1% 20sep2027,2022-12-07,-358.646628399556
260,Japan JGB 0.1% 20sep2027,2022-12-08,255.52323799935948
261,Japan JGB 0.1% 20sep2027,2022-12-09,-107.18190399944433
262,Japan JGB 0.1% 20sep2027,2022-12-12,203.19898400016427
263,Japan JGB 0.1% 20sep2027,2022-12-13,-95.0020960006259
264,Japan JGB 0.1% 20sep2027,2022-12-14,-2.0299680001880915
265,Japan JGB 0.1% 20sep2027,2022-12-15,98.55484480061932
266,Japan JGB 0.1% 20sep2027,2022-12-16,-99.06233680008881
267,Japan JGB 0.1% 20sep2027,2022-12-19,-5.074920000470229
268,Japan JGB 0.1% 20sep2027,2022-12-20,-357.1189199998844
269,Japan JGB 0.1% 20sep2027,2022-12-21,-809.247606800127
270,Japan JGB 0.1% 20sep2027,2022-12-22,-1576.1149709892245
271,Japan JGB 0.1% 20sep2027,2022-12-23,454.7611863002501
272,Japan JGB 0.1% 20sep2027,2022-12-27,-453.4250502602847
273,Japan JGB 0.1% 20sep2027,2022-12-28,-103.65918024014809
274,Japan JGB 0.1% 20sep2027,2022-12-29,-2.0197808804018678
275,Japan JGB 0.1% 20sep2027,2022-12-30,3.5346165401253984
276,Japan JGB 0.4% 20sep2025,2022-09-23,0.0
277,Japan JGB 0.4% 20sep2025,2022-09-26,141.0665435401138
278,Japan JGB 0.4% 20sep2025,2022-09-27,-179.5839590998171
279,Japan JGB 0.4% 20sep2025,2022-09-28,-111.83675567994669
280,Japan JGB 0.4% 20sep2025,2022-09-29,0.3713291399085392
281,Japan JGB 0.4% 20sep2025,2022-09-30,-1.856645700376248
282,Japan JGB 0.4% 20sep2025,2022-10-03,40.373364719943766
283,Japan JGB 0.4% 20sep2025,2022-10-04,106.63693794068422
284,Japan JGB 0.4% 20sep2025,2022-10-05,36.65974337934631
285,Japan JGB 0.4% 20sep2025,2022-10-06,77.40693012034262
286,Japan JGB 0.4% 20sep2025,2022-10-07,74.06361143967297
287,Japan JGB 0.4% 20sep2025,2022-10-10,0.0
288,Japan JGB 0.4% 20sep2025,2022-10-11,-73.69202567997763
289,Japan JGB 0.4% 20sep2025,2022-10-12,-182.1867091194099
290,Japan JGB 0.4% 20sep2025,2022-10-13,-42.9735118803892
291,Japan JGB 0.4% 20sep2025,2022-10-14,-33.68903694001983
292,Japan JGB 0.4% 20sep2025,2022-10-17,0.0
293,Japan JGB 0.4% 20sep2025,2022-10-18,-75.54746159981096
294,Japan JGB 0.4% 20sep2025,2022-10-19,-35.546085900299204
295,Japan JGB 0.4% 20sep2025,2022-10-20,-147.3815584796448
296,Japan JGB 0.4% 20sep2025,2022-10-21,-147.38097192001305
297,Japan JGB 0.4% 20sep2025,2022-10-24,-108.49585656036288
298,Japan JGB 0.4% 20sep2025,2022-10-25,-38.51374956012933
299,Japan JGB 0.4% 20sep2025,2022-10-26,117.02590536033222
300,Japan JGB 0.4% 20sep2025,2022-10-27,139.22074920001023
301,Japan JGB 0.4% 20sep2025,2022-10-28,295.8763711801007
302,Japan JGB 0.4% 20sep2025,2022-10-31,-1.856645700376248
303,Japan JGB 0.4% 20sep2025,2022-11-01,-66.63680867966059
304,Japan JGB 0.4% 20sep2025,2022-11-02,-4.0838140200212365
305,Japan JGB 0.4% 20sep2025,2022-11-03,0.0
306,Japan JGB 0.4% 20sep2025,2022-11-04,-38.14483998047308
307,Japan JGB 0.4% 20sep2025,2022-11-07,-32.576809200023035
308,Japan JGB 0.4% 20sep2025,2022-11-08,38.145096600259876
309,Japan JGB 0.4% 20sep2025,2022-11-09,31.091529300001184
310,Japan JGB 0.4% 20sep2025,2022-11-10,109.23671850000528
311,Japan JGB 0.4% 20sep2025,2022-11-11,1.485463199750484
312,Japan JGB 0.4% 20sep2025,2022-11-14,36.65989002029619
313,Japan JGB 0.4% 20sep2025,2022-11-15,-108.86579261999987
314,Japan JGB 0.4% 20sep2025,2022-11-16,-2.2277548801102967
315,Japan JGB 0.4% 20sep2025,2022-11-17,-74.43321755946499
316,Japan JGB 0.4% 20sep2025,2022-11-18,-37.03085255991391
317,Japan JGB 0.4% 20sep2025,2022-11-21,-285.8592828003807
318,Japan JGB 0.4% 20sep2025,2022-11-22,-42.22315500029981
319,Japan JGB 0.4% 20sep2025,2022-11-23,0.0
320,Japan JGB 0.4% 20sep2025,2022-11-25,77.77074396054104
321,Japan JGB 0.4% 20sep2025,2022-11-28,-73.32051324034046
322,Japan JGB 0.4% 20sep2025,2022-11-29,0.3708525599472523
323,Japan JGB 0.4% 20sep2025,2022-11-30,-3.3376730395252707
324,Japan JGB 0.4% 20sep2025,2022-12-01,-38.51404284036198
325,Japan JGB 0.4% 20sep2025,2022-12-02,38.51404284036198
326,Japan JGB 0.4% 20sep2025,2022-12-05,3.708525599472523
327,Japan JGB 0.4% 20sep2025,2022-12-06,-77.02845228018123
328,Japan JGB 0.4% 20sep2025,2022-12-07,-107.38520519953272
329,Japan JGB 0.4% 20sep2025,2022-12-08,-0.7413385204372389
330,Japan JGB 0.4% 20sep2025,2022-12-09,1.8538518502596162
331,Japan JGB 0.4% 20sep2025,2022-12-12,34.07468075016163
332,Japan JGB 0.4% 20sep2025,2022-12-13,-77.41821738005069
333,Japan JGB 0.4% 20sep2025,2022-12-14,77.78902441988157
334,Japan JGB 0.4% 20sep2025,2022-12-15,35.18673517019715
335,Japan JGB 0.4% 20sep2025,2022-12-16,-1.4833748402736546
336,Japan JGB 0.4% 20sep2025,2022-12-19,76.6778867501564
337,Japan JGB 0.4% 20sep2025,2022-12-20,-148.16366820037297
338,Japan JGB 0.4% 20sep2025,2022-12-21,-255.13834943970642
339,Japan JGB 0.4% 20sep2025,2022-12-22,33.70574387972988
340,Japan JGB 0.4% 20sep2025,2022-12-23,5.187704900617973
341,Japan JGB 0.4% 20sep2025,2022-12-27,-371.5160544502014
342,Japan JGB 0.4% 20sep2025,2022-12-28,-37.78033092988562
343,Japan JGB 0.4% 20sep2025,2022-12-29,-72.96948632033514
344,Japan JGB 0.4% 20sep2025,2022-12-30,-35.559705739659876
345,Japan JGB 1% 20dec2035,2022-09-23,0.0
346,Japan JGB 1% 20dec2035,2022-09-26,745.0279448998956
347,Japan JGB 1% 20dec2035,2022-09-27,-1519.3533431698982
348,Japan JGB 1% 20dec2035,2022-09-28,-1062.4281404501428
349,Japan JGB 1% 20dec2035,2022-09-29,175.74633300019718
350,Japan JGB 1% 20dec2035,2022-09-30,1031.0939365995682
351,Japan JGB 1% 20dec2035,2022-10-03,230.20373320039425
352,Japan JGB 1% 20dec2035,2022-10-04,917.1725353001189
353,Japan JGB 1% 20dec2035,2022-10-05,804.5327836798083
354,Japan JGB 1% 20dec2035,2022-10-06,112.02681846007067
355,Japan JGB 1% 20dec2035,2022-10-07,-371.9276892004318
356,Japan JGB 1% 20dec2035,2022-10-10,0.0
357,Japan JGB 1% 20dec2035,2022-10-11,-714.8795155196412
358,Japan JGB 1% 20dec2035,2022-10-12,-1346.7593691600414
359,Japan JGB 1% 20dec2035,2022-10-13,-547.2189158302106
360,Japan JGB 1% 20dec2035,2022-10-14,-197.8936750000662
361,Japan JGB 1% 20dec2035,2022-10-17,-2.1044274998257606
362,Japan JGB 1% 20dec2035,2022-10-18,-720.2013874996237
363,Japan JGB 1% 20dec2035,2022-10-19,2.3993199998153614
364,Japan JGB 1% 20dec2035,2022-10-20,-203.29811459998155
365,Japan JGB 1% 20dec2035,2022-10-21,-1261.8970693000642
366,Japan JGB 1% 20dec2035,2022-10-24,-1230.6611265301622
367,Japan JGB 1% 20dec2035,2022-10-25,-750.322930500176
368,Japan JGB 1% 20dec2035,2022-10-26,721.8639887999743
369,Japan JGB 1% 20dec2035,2022-10-27,511.18484560032425
370,Japan JGB 1% 20dec2035,2022-10-28,1668.4395472801862
371,Japan JGB 1% 20dec2035,2022-10-31,1409.3854919195328
372,Japan JGB 1% 20dec2035,2022-11-01,946.5301998904733
373,Japan JGB 1% 20dec2035,2022-11-02,-776.1061175004102
374,Japan JGB 1% 20dec2035,2022-11-03,0.0
375,Japan JGB 1% 20dec2035,2022-11-04,1.504741000148897
376,Japan JGB 1% 20dec2035,2022-11-07,-1088.8052167997807
377,Japan JGB 1% 20dec2035,2022-11-08,-117.79857600002515
378,Japan JGB 1% 20dec2035,2022-11-09,-976.7377422000184
379,Japan JGB 1% 20dec2035,2022-11-10,1266.8390855999478
380,Japan JGB 1% 20dec2035,2022-11-11,516.7851677997128
381,Japan JGB 1% 20dec2035,2022-11-14,1664.616645999945
382,Japan JGB 1% 20dec2035,2022-11-15,-1091.2131467999006
383,Japan JGB 1% 20dec2035,2022-11-16,338.85827856022433
384,Japan JGB 1% 20dec2035,2022-11-17,-141.38931590030097
385,Japan JGB 1% 20dec2035,2022-11-18,172.19948340008614
386,Japan JGB 1% 20dec2035,2022-11-21,-197.58517869972593
387,Japan JGB 1% 20dec2035,2022-11-22,-32.0141325001714
388,Japan JGB 1% 20dec2035,2022-11-23,0.0
389,Japan JGB 1% 20dec2035,2022-11-25,-1.205055599946263
390,Japan JGB 1% 20dec2035,2022-11-28,-1259.7911493997071
391,Japan JGB 1% 20dec2035,2022-11-29,-201.20040290026282
392,Japan JGB 1% 20dec2035,2022-11-30,-858.9091476000453
393,Japan JGB 1% 20dec2035,2022-12-01,428.258083770128
394,Japan JGB 1% 20dec2035,2022-12-02,772.7687817296162
395,Japan JGB 1% 20dec2035,2022-12-05,0.6004983604814242
396,Japan JGB 1% 20dec2035,2022-12-06,-373.3979060004094
397,Japan JGB 1% 20dec2035,2022-12-07,-829.3056141998272
398,Japan JGB 1% 20dec2035,2022-12-08,489.8691408597856
399,Japan JGB 1% 20dec2035,2022-12-09,515.8850231701217
400,Japan JGB 1% 20dec2035,2022-12-12,603.8161737299088
401,Japan JGB 1% 20dec2035,2022-12-13,-606.9052387994975
402,Japan JGB 1% 20dec2035,2022-12-14,32.89949879938149
403,Japan JGB 1% 20dec2035,2022-12-15,512.3983200003499
404,Japan JGB 1% 20dec2035,2022-12-16,-1089.0986456002406
405,Japan JGB 1% 20dec2035,2022-12-19,-146.19343760003858
406,Japan JGB 1% 20dec2035,2022-12-20,-657.636427799868
407,Japan JGB 1% 20dec2035,2022-12-21,-2757.93841224021
408,Japan JGB 1% 20dec2035,2022-12-22,-1089.7951382997471
409,Japan JGB 1% 20dec2035,2022-12-23,920.8389629398262
410,Japan JGB 1% 20dec2035,2022-12-27,-1752.8526862195263
411,Japan JGB 1% 20dec2035,2022-12-28,-631.4759765599329
412,Japan JGB 1% 20dec2035,2022-12-29,-574.5109043404914
413,Japan JGB 1% 20dec2035,2022-12-30,-1527.0229342796451
414,Japan JGB 1.7% 20sep2044,2022-09-23,0.0
415,Japan JGB 1.7% 20sep2044,2022-09-26,899.4787073998909
416,Japan JGB 1.7% 20sep2044,2022-09-27,-3549.596703079841
417,Japan JGB 1.7% 20sep2044,2022-09-28,-3059.3547031501116
418,Japan JGB 1.7% 20sep2044,2022-09-29,-1437.648496199422
419,Japan JGB 1.7% 20sep2044,2022-09-30,3673.706254919263
420,Japan JGB 1.7% 20sep2044,2022-10-03,-2.1133639996114653
421,Japan JGB 1.7% 20sep2044,2022-10-04,3024.3655630999365
422,Japan JGB 1.7% 20sep2044,2022-10-05,1516.662699399812
423,Japan JGB 1.7% 20sep2044,2022-10-06,-383.7684843994484
424,Japan JGB 1.7% 20sep2044,2022-10-07,-377.69697840069466
425,Japan JGB 1.7% 20sep2044,2022-10-10,0.0
426,Japan JGB 1.7% 20sep2044,2022-10-11,-373.1175467995381
427,Japan JGB 1.7% 20sep2044,2022-10-12,-4649.899231839881
428,Japan JGB 1.7% 20sep2044,2022-10-13,-2380.967230880351
429,Japan JGB 1.7% 20sep2044,2022-10-14,-828.6911146398043
430,Japan JGB 1.7% 20sep2044,2022-10-17,375.0520681597973
431,Japan JGB 1.7% 20sep2044,2022-10-18,-3026.734825899657
432,Japan JGB 1.7% 20sep2044,2022-10-19,-1095.1592807504062
433,Japan JGB 1.7% 20sep2044,2022-10-20,-378.28672468944615
434,Japan JGB 1.7% 20sep2044,2022-10-21,-2236.9903692804573
435,Japan JGB 1.7% 20sep2044,2022-10-24,-3406.824712619594
436,Japan JGB 1.7% 20sep2044,2022-10-25,-3488.4468308002715
437,Japan JGB 1.7% 20sep2044,2022-10-26,3677.9922194199785
438,Japan JGB 1.7% 20sep2044,2022-10-27,875.7754680395597
439,Japan JGB 1.7% 20sep2044,2022-10-28,5382.765400200746
440,Japan JGB 1.7% 20sep2044,2022-10-31,2846.419147579417
441,Japan JGB 1.7% 20sep2044,2022-11-01,2199.1461658800354
442,Japan JGB 1.7% 20sep2044,2022-11-02,-3336.65698469937
443,Japan JGB 1.7% 20sep2044,2022-11-03,0.0
444,Japan JGB 1.7% 20sep2044,2022-11-04,-1437.4238430603436
445,Japan JGB 1.7% 20sep2044,2022-11-07,-2537.8483298402216
446,Japan JGB 1.7% 20sep2044,2022-11-08,-1096.864530359645
447,Japan JGB 1.7% 20sep2044,2022-11-09,-2120.3434323000693
448,Japan JGB 1.7% 20sep2044,2022-11-10,4621.2962902497
449,Japan JGB 1.7% 20sep2044,2022-11-11,5.3948976898805086
450,Japan JGB 1.7% 20sep2044,2022-11-14,5492.822818680186
451,Japan JGB 1.7% 20sep2044,2022-11-15,-3601.64304359954
452,Japan JGB 1.7% 20sep2044,2022-11-16,2117.3636879992937
453,Japan JGB 1.7% 20sep2044,2022-11-17,1104.9345805405608
454,Japan JGB 1.7% 20sep2044,2022-11-18,1850.878815249465
455,Japan JGB 1.7% 20sep2044,2022-11-21,-1138.9796483992977
456,Japan JGB 1.7% 20sep2044,2022-11-22,-1468.66622136072
457,Japan JGB 1.7% 20sep2044,2022-11-23,0.0
458,Japan JGB 1.7% 20sep2044,2022-11-25,-44.54521079948222
459,Japan JGB 1.7% 20sep2044,2022-11-28,-2193.2012553505356
460,Japan JGB 1.7% 20sep2044,2022-11-29,-715.8237041497102
461,Japan JGB 1.7% 20sep2044,2022-11-30,-2196.4709822998257
462,Japan JGB 1.7% 20sep2044,2022-12-01,450.71631863996413
463,Japan JGB 1.7% 20sep2044,2022-12-02,646.2017115295207
464,Japan JGB 1.7% 20sep2044,2022-12-05,1519.348874490731
465,Japan JGB 1.7% 20sep2044,2022-12-06,-76.59313272023064
466,Japan JGB 1.7% 20sep2044,2022-12-07,-453.6123890200488
467,Japan JGB 1.7% 20sep2044,2022-12-08,1173.564942479645
468,Japan JGB 1.7% 20sep2044,2022-12-09,1061.0675136805485
469,Japan JGB 1.7% 20sep2044,2022-12-12,1850.5429252193267
470,Japan JGB 1.7% 20sep2044,2022-12-13,-2083.967998019486
471,Japan JGB 1.7% 20sep2044,2022-12-14,869.0611388803391
472,Japan JGB 1.7% 20sep2044,2022-12-15,1558.9666718397675
473,Japan JGB 1.7% 20sep2044,2022-12-16,-2954.4080178999875
474,Japan JGB 1.7% 20sep2044,2022-12-19,-2684.163561200303
475,Japan JGB 1.7% 20sep2044,2022-12-20,-2847.3433426202937
476,Japan JGB 1.7% 20sep2044,2022-12-21,-3477.67908839996
477,Japan JGB 1.7% 20sep2044,2022-12-22,410.06227220999585
478,Japan JGB 1.7% 20sep2044,2022-12-23,1066.0054536603957
479,Japan JGB 1.7% 20sep2044,2022-12-27,-343.10060148026605
480,Japan JGB 1.7% 20sep2044,2022-12-28,-1404.6325976896514
481,Japan JGB 1.7% 20sep2044,2022-12-29,-1895.677374160283
482,Japan JGB 1.7% 20sep2044,2022-12-30,-3379.4729854197517
483,New South Wales Treasury Corp 2.25% 7may2041,2022-09-23,0.0
484,New South Wales Treasury Corp 2.25% 7may2041,2022-09-26,-369.0501935999964
485,New South Wales Treasury Corp 2.25% 7may2041,2022-09-27,-453.5667835200111
486,New South Wales Treasury Corp 2.25% 7may2041,2022-09-28,758.7892594399418
487,New South Wales Treasury Corp 2.25% 7may2041,2022-09-29,-190.4565308250526
488,New South Wales Treasury Corp 2.25% 7may2041,2022-09-30,698.8009847201138
489,New South Wales Treasury Corp 2.25% 7may2041,2022-10-03,1352.4917572000195
490,New South Wales Treasury Corp 2.25% 7may2041,2022-10-04,-325.7175589600629
491,New South Wales Treasury Corp 2.25% 7may2041,2022-10-05,-737.5277528849522
492,New South Wales Treasury Corp 2.25% 7may2041,2022-10-06,-431.9101975649762
493,New South Wales Treasury Corp 2.25% 7may2041,2022-10-07,-478.3792168801374
494,New South Wales Treasury Corp 2.25% 7may2041,2022-10-10,-458.2617100799471
495,New South Wales Treasury Corp 2.25% 7may2041,2022-10-11,-310.1929982398906
496,New South Wales Treasury Corp 2.25% 7may2041,2022-10-12,-228.56709192002745
497,New South Wales Treasury Corp 2.25% 7may2041,2022-10-13,-283.74713839497826
498,New South Wales Treasury Corp 2.25% 7may2041,2022-10-14,-234.25200904503959
499,New South Wales Treasury Corp 2.25% 7may2041,2022-10-17,759.851200725011
500,New South Wales Treasury Corp 2.25% 7may2041,2022-10-18,-385.5686550300627
501,New South Wales Treasury Corp 2.25% 7may2041,2022-10-19,-51.107427044910764
502,New South Wales Treasury Corp 2.25% 7may2041,2022-10-20,-781.7426105400509
503,New South Wales Treasury Corp 2.25% 7may2041,2022-10-21,-1353.5030656350577
504,New South Wales Treasury Corp 2.25% 7may2041,2022-10-24,-47.444110904891886
505,New South Wales Treasury Corp 2.25% 7may2041,2022-10-25,2147.0104907498353
506,New South Wales Treasury Corp 2.25% 7may2041,2022-10-26,442.05835250018026
507,New South Wales Treasury Corp 2.25% 7may2041,2022-10-27,742.0271673748362
508,New South Wales Treasury Corp 2.25% 7may2041,2022-10-28,170.42535217505474
509,New South Wales Treasury Corp 2.25% 7may2041,2022-10-31,-504.39175679998516
510,New South Wales Treasury Corp 2.25% 7may2041,2022-11-01,-8.64926927997658
511,New South Wales Treasury Corp 2.25% 7may2041,2022-11-02,-1233.4562418400092
512,New South Wales Treasury Corp 2.25% 7may2041,2022-11-03,147.6821298399118
513,New South Wales Treasury Corp 2.25% 7may2041,2022-11-04,628.2014699400995
514,New South Wales Treasury Corp 2.25% 7may2041,2022-11-07,-314.23983513007306
515,New South Wales Treasury Corp 2.25% 7may2041,2022-11-08,-516.9482297699869
516,New South Wales Treasury Corp 2.25% 7may2041,2022-11-09,967.8135257400884
517,New South Wales Treasury Corp 2.25% 7may2041,2022-11-10,1425.4691491799572
518,New South Wales Treasury Corp 2.25% 7may2041,2022-11-11,-1018.2848437800401
519,New South Wales Treasury Corp 2.25% 7may2041,2022-11-14,-98.02785872000095
520,New South Wales Treasury Corp 2.25% 7may2041,2022-11-15,199.16561328008538
521,New South Wales Treasury Corp 2.25% 7may2041,2022-11-16,458.1445503999421
522,New South Wales Treasury Corp 2.25% 7may2041,2022-11-17,0.3993740800251544
523,New South Wales Treasury Corp 2.25% 7may2041,2022-11-18,512.6385737599048
524,New South Wales Treasury Corp 2.25% 7may2041,2022-11-21,369.05233056014913
525,New South Wales Treasury Corp 2.25% 7may2041,2022-11-22,182.43605303987715
526,New South Wales Treasury Corp 2.25% 7may2041,2022-11-23,-76.4942004000186
527,New South Wales Treasury Corp 2.25% 7may2041,2022-11-25,-253.6954600948461
528,New South Wales Treasury Corp 2.25% 7may2041,2022-11-28,347.0975380949458
529,New South Wales Treasury Corp 2.25% 7may2041,2022-11-29,-284.31197040000916
530,New South Wales Treasury Corp 2.25% 7may2041,2022-11-30,368.7931678199818
531,New South Wales Treasury Corp 2.25% 7may2041,2022-12-01,707.7292672000294
532,New South Wales Treasury Corp 2.25% 7may2041,2022-12-02,1003.4535457099385
533,New South Wales Treasury Corp 2.25% 7may2041,2022-12-05,280.3503002300922
534,New South Wales Treasury Corp 2.25% 7may2041,2022-12-06,20.308889879936487
535,New South Wales Treasury Corp 2.25% 7may2041,2022-12-07,152.2790863200985
536,New South Wales Treasury Corp 2.25% 7may2041,2022-12-08,50.75969543990459
537,New South Wales Treasury Corp 2.25% 7may2041,2022-12-09,106.17216669005029
538,New South Wales Treasury Corp 2.25% 7may2041,2022-12-12,-292.41126657010545
539,New South Wales Treasury Corp 2.25% 7may2041,2022-12-13,85.38183090006987
540,New South Wales Treasury Corp 2.25% 7may2041,2022-12-14,-651.1255497000211
541,New South Wales Treasury Corp 2.25% 7may2041,2022-12-15,-677.7486028799672
542,New South Wales Treasury Corp 2.25% 7may2041,2022-12-16,84.46341596001571
543,New South Wales Treasury Corp 2.25% 7may2041,2022-12-19,-960.3484070951199
544,New South Wales Treasury Corp 2.25% 7may2041,2022-12-20,-979.2051172749432
545,New South Wales Treasury Corp 2.25% 7may2041,2022-12-21,-176.9010743499109
546,New South Wales Treasury Corp 2.25% 7may2041,2022-12-22,-576.64461312005
547,New South Wales Treasury Corp 2.25% 7may2041,2022-12-23,54.78175824002392
548,New South Wales Treasury Corp 2.25% 7may2041,2022-12-27,-0.39512983998429263
549,New South Wales Treasury Corp 2.25% 7may2041,2022-12-28,-1929.4084256801289
550,New South Wales Treasury Corp 2.25% 7may2041,2022-12-29,314.1958296000266
551,New South Wales Treasury Corp 2.25% 7may2041,2022-12-30,136.3304460001359
552,New South Wales Treasury Corp 3% 20may2027,2022-09-23,0.0
553,New South Wales Treasury Corp 3% 20may2027,2022-09-26,-189.47653644001002
554,New South Wales Treasury Corp 3% 20may2027,2022-09-27,-314.11735435978153
555,New South Wales Treasury Corp 3% 20may2027,2022-09-28,549.1367899197376
556,New South Wales Treasury Corp 3% 20may2027,2022-09-29,-51.38485900477349
557,New South Wales Treasury Corp 3% 20may2027,2022-09-30,313.6420525597714
558,New South Wales Treasury Corp 3% 20may2027,2022-10-03,883.7904664800062
559,New South Wales Treasury Corp 3% 20may2027,2022-10-04,686.4590504800235
560,New South Wales Treasury Corp 3% 20may2027,2022-10-05,-628.9716918400427
561,New South Wales Treasury Corp 3% 20may2027,2022-10-06,-163.14967369987812
562,New South Wales Treasury Corp 3% 20may2027,2022-10-07,-251.078921599963
563,New South Wales Treasury Corp 3% 20may2027,2022-10-10,-112.31710920003025
564,New South Wales Treasury Corp 3% 20may2027,2022-10-11,-314.1217189598883
565,New South Wales Treasury Corp 3% 20may2027,2022-10-12,65.0987594600374
566,New South Wales Treasury Corp 3% 20may2027,2022-10-13,-285.9790011001023
567,New South Wales Treasury Corp 3% 20may2027,2022-10-14,2.900119700079813
568,New South Wales Treasury Corp 3% 20may2027,2022-10-17,284.5214601999287
569,New South Wales Treasury Corp 3% 20may2027,2022-10-18,-172.94163870001285
570,New South Wales Treasury Corp 3% 20may2027,2022-10-19,-502.28397699996094
571,New South Wales Treasury Corp 3% 20may2027,2022-10-20,-293.4533095200695
572,New South Wales Treasury Corp 3% 20may2027,2022-10-21,-545.8830088800805
573,New South Wales Treasury Corp 3% 20may2027,2022-10-24,227.0931553125397
574,New South Wales Treasury Corp 3% 20may2027,2022-10-25,818.4006056474229
575,New South Wales Treasury Corp 3% 20may2027,2022-10-26,418.4301977100872
576,New South Wales Treasury Corp 3% 20may2027,2022-10-27,557.3471426001179
577,New South Wales Treasury Corp 3% 20may2027,2022-10-28,28.139505639772324
578,New South Wales Treasury Corp 3% 20may2027,2022-10-31,-378.1271052998818
579,New South Wales Treasury Corp 3% 20may2027,2022-11-01,179.7027683399283
580,New South Wales Treasury Corp 3% 20may2027,2022-11-02,-914.8194754798969
581,New South Wales Treasury Corp 3% 20may2027,2022-11-03,70.75547259989435
582,New South Wales Treasury Corp 3% 20may2027,2022-11-04,609.4055040400763
583,New South Wales Treasury Corp 3% 20may2027,2022-11-07,-276.68288038007086
584,New South Wales Treasury Corp 3% 20may2027,2022-11-08,-233.43988681980773
585,New South Wales Treasury Corp 3% 20may2027,2022-11-09,577.1569221799473
586,New South Wales Treasury Corp 3% 20may2027,2022-11-10,1159.6242343399626
587,New South Wales Treasury Corp 3% 20may2027,2022-11-11,-506.14569344003576
588,New South Wales Treasury Corp 3% 20may2027,2022-11-14,-271.7547256499347
589,New South Wales Treasury Corp 3% 20may2027,2022-11-15,166.1791368800441
590,New South Wales Treasury Corp 3% 20may2027,2022-11-16,480.4219216798738
591,New South Wales Treasury Corp 3% 20may2027,2022-11-17,95.88228640006491
592,New South Wales Treasury Corp 3% 20may2027,2022-11-18,101.24978246255637
593,New South Wales Treasury Corp 3% 20may2027,2022-11-21,65.15796536251742
594,New South Wales Treasury Corp 3% 20may2027,2022-11-22,116.69515844990542
595,New South Wales Treasury Corp 3% 20may2027,2022-11-23,0.0
596,New South Wales Treasury Corp 3% 20may2027,2022-11-25,-429.83664032492584
597,New South Wales Treasury Corp 3% 20may2027,2022-11-28,380.24496078754396
598,New South Wales Treasury Corp 3% 20may2027,2022-11-29,-101.81834650005476
599,New South Wales Treasury Corp 3% 20may2027,2022-11-30,231.92959102493546
600,New South Wales Treasury Corp 3% 20may2027,2022-12-01,610.2599112624239
601,New South Wales Treasury Corp 3% 20may2027,2022-12-02,217.34635611244357
602,New South Wales Treasury Corp 3% 20may2027,2022-12-05,140.57520118749608
603,New South Wales Treasury Corp 3% 20may2027,2022-12-06,-188.25094124986208
604,New South Wales Treasury Corp 3% 20may2027,2022-12-07,84.22236916251222
605,New South Wales Treasury Corp 3% 20may2027,2022-12-08,-116.82275116250025
606,New South Wales Treasury Corp 3% 20may2027,2022-12-09,50.93518527511492
607,New South Wales Treasury Corp 3% 20may2027,2022-12-12,-210.94688521258377
608,New South Wales Treasury Corp 3% 20may2027,2022-12-13,104.761642687331
609,New South Wales Treasury Corp 3% 20may2027,2022-12-14,-151.09001474978868
610,New South Wales Treasury Corp 3% 20may2027,2022-12-15,-483.90647674998945
611,New South Wales Treasury Corp 3% 20may2027,2022-12-16,100.7652959873792
612,New South Wales Treasury Corp 3% 20may2027,2022-12-19,-382.0449351249863
613,New South Wales Treasury Corp 3% 20may2027,2022-12-20,-245.33250471255883
614,New South Wales Treasury Corp 3% 20may2027,2022-12-21,53.45880516262355
615,New South Wales Treasury Corp 3% 20may2027,2022-12-22,-273.9311842999484
616,New South Wales Treasury Corp 3% 20may2027,2022-12-23,-131.65299203772065
617,New South Wales Treasury Corp 3% 20may2027,2022-12-27,0.0
618,New South Wales Treasury Corp 3% 20may2027,2022-12-28,-938.3729828598734
619,New South Wales Treasury Corp 3% 20may2027,2022-12-29,24.39910624012373
620,New South Wales Treasury Corp 3% 20may2027,2022-12-30,38.52087943976039
621,Spain OBL 1.45% 31oct2027,2022-09-23,0.0
622,Spain OBL 1.45% 31oct2027,2022-09-26,-1772.8145816023202
623,Spain OBL 1.45% 31oct2027,2022-09-27,-1977.3928126953747
624,Spain OBL 1.45% 31oct2027,2022-09-28,2011.7928852005166
625,Spain OBL 1.45% 31oct2027,2022-09-29,-277.1502297500092
626,Spain OBL 1.45% 31oct2027,2022-09-30,2120.101574917266
627,Spain OBL 1.45% 31oct2027,2022-10-03,3505.1480143420576
628,Spain OBL 1.45% 31oct2027,2022-10-04,829.705177170506
629,Spain OBL 1.45% 31oct2027,2022-10-05,-2645.1884517130748
630,Spain OBL 1.45% 31oct2027,2022-10-06,-1580.6745261372498
631,Spain OBL 1.45% 31oct2027,2022-10-07,-2014.3341002398993
632,Spain OBL 1.45% 31oct2027,2022-10-10,-684.2960209072032
633,Spain OBL 1.45% 31oct2027,2022-10-11,610.6856929418595
634,Spain OBL 1.45% 31oct2027,2022-10-12,-442.8433460019728
635,Spain OBL 1.45% 31oct2027,2022-10-13,420.5310797250618
636,Spain OBL 1.45% 31oct2027,2022-10-14,-999.4180324955232
637,Spain OBL 1.45% 31oct2027,2022-10-17,519.9360822448741
638,Spain OBL 1.45% 31oct2027,2022-10-18,-112.3556823894578
639,Spain OBL 1.45% 31oct2027,2022-10-19,-1623.7607663472297
640,Spain OBL 1.45% 31oct2027,2022-10-20,-204.48019289317176
641,Spain OBL 1.45% 31oct2027,2022-10-21,242.57050149988117
642,Spain OBL 1.45% 31oct2027,2022-10-24,1632.4145255001213
643,Spain OBL 1.45% 31oct2027,2022-10-25,2630.8305544999257
644,Spain OBL 1.45% 31oct2027,2022-10-26,61.93969026781747
645,Spain OBL 1.45% 31oct2027,2022-10-27,3210.3138788323304
646,Spain OBL 1.45% 31oct2027,2022-10-28,-1691.040546177549
647,Spain OBL 1.45% 31oct2027,2022-10-31,-1276.8770506800756
648,Spain OBL 1.45% 31oct2027,2022-11-01,671.3745931207268
649,Spain OBL 1.45% 31oct2027,2022-11-02,-620.6414630933002
650,Spain OBL 1.45% 31oct2027,2022-11-03,-1807.344256599926
651,Spain OBL 1.45% 31oct2027,2022-11-04,-502.21908515213477
652,Spain OBL 1.45% 31oct2027,2022-11-07,-373.8426905801648
653,Spain OBL 1.45% 31oct2027,2022-11-08,373.24949998508214
654,Spain OBL 1.45% 31oct2027,2022-11-09,1538.908166182899
655,Spain OBL 1.45% 31oct2027,2022-11-10,3343.7327723769977
656,Spain OBL 1.45% 31oct2027,2022-11-11,-3174.674571600077
657,Spain OBL 1.45% 31oct2027,2022-11-14,254.88505812024596
658,Spain OBL 1.45% 31oct2027,2022-11-15,1256.2654320952756
659,Spain OBL 1.45% 31oct2027,2022-11-16,1205.3828841975412
660,Spain OBL 1.45% 31oct2027,2022-11-17,-429.0175424177396
661,Spain OBL 1.45% 31oct2027,2022-11-18,629.0191907996486
662,Spain OBL 1.45% 31oct2027,2022-11-21,238.832156639819
663,Spain OBL 1.45% 31oct2027,2022-11-22,94.86195180064897
664,Spain OBL 1.45% 31oct2027,2022-11-23,722.1294141595026
665,Spain OBL 1.45% 31oct2027,2022-11-25,-1278.285152759403
666,Spain OBL 1.45% 31oct2027,2022-11-28,-314.42396503794953
667,Spain OBL 1.45% 31oct2027,2022-11-29,1451.3746354802242
668,Spain OBL 1.45% 31oct2027,2022-11-30,-891.0030360004275
669,Spain OBL 1.45% 31oct2027,2022-12-01,2235.497354750578
670,Spain OBL 1.45% 31oct2027,2022-12-02,-685.179042240241
671,Spain OBL 1.45% 31oct2027,2022-12-05,-56.48403318731198
672,Spain OBL 1.45% 31oct2027,2022-12-06,1225.7581553620957
673,Spain OBL 1.45% 31oct2027,2022-12-07,548.5565130630175
674,Spain OBL 1.45% 31oct2027,2022-12-08,-965.7490629755207
675,Spain OBL 1.45% 31oct2027,2022-12-09,-1734.0513509699254
676,Spain OBL 1.45% 31oct2027,2022-12-12,-462.9276962625863
677,Spain OBL 1.45% 31oct2027,2022-12-13,794.9868418799342
678,Spain OBL 1.45% 31oct2027,2022-12-14,-259.77488459989036
679,Spain OBL 1.45% 31oct2027,2022-12-15,-4138.362754399455
680,Spain OBL 1.45% 31oct2027,2022-12-16,-1660.3112907630418
681,Spain OBL 1.45% 31oct2027,2022-12-19,-138.67472265007427
682,Spain OBL 1.45% 31oct2027,2022-12-20,-1541.914824352377
683,Spain OBL 1.45% 31oct2027,2022-12-21,193.85333579296207
684,Spain OBL 1.45% 31oct2027,2022-12-22,-543.6840865007298
685,Spain OBL 1.45% 31oct2027,2022-12-23,-642.7289609995569
686,Spain OBL 1.45% 31oct2027,2022-12-27,-1143.9104814998018
687,Spain OBL 1.45% 31oct2027,2022-12-28,281.9471410000915
688,Spain OBL 1.45% 31oct2027,2022-12-29,632.2601221918458
689,Spain OBL 1.45% 31oct2027,2022-12-30,-815.5931820300884
690,Spain OBL 2.15% 31oct2025,2022-09-23,0.0
691,Spain OBL 2.15% 31oct2025,2022-09-26,-487.4966103298566
692,Spain OBL 2.15% 31oct2025,2022-09-27,-496.1931042596543
693,Spain OBL 2.15% 31oct2025,2022-09-28,675.1781909994379
694,Spain OBL 2.15% 31oct2025,2022-09-29,33.913806750661024
695,Spain OBL 2.15% 31oct2025,2022-09-30,567.5026886998003
696,Spain OBL 2.15% 31oct2025,2022-10-03,921.7674906402581
697,Spain OBL 2.15% 31oct2025,2022-10-04,347.88605674936025
698,Spain OBL 2.15% 31oct2025,2022-10-05,-656.383281899788
699,Spain OBL 2.15% 31oct2025,2022-10-06,-507.9587820752831
700,Spain OBL 2.15% 31oct2025,2022-10-07,-452.36547629963025
701,Spain OBL 2.15% 31oct2025,2022-10-10,-86.75971410984766
702,Spain OBL 2.15% 31oct2025,2022-10-11,123.2979583301103
703,Spain OBL 2.15% 31oct2025,2022-10-12,36.71513862951451
704,Spain OBL 2.15% 31oct2025,2022-10-13,6.752296370354088
705,Spain OBL 2.15% 31oct2025,2022-10-14,-378.23683733051803
706,Spain OBL 2.15% 31oct2025,2022-10-17,149.20513501019468
707,Spain OBL 2.15% 31oct2025,2022-10-18,-151.49438444018597
708,Spain OBL 2.15% 31oct2025,2022-10-19,-469.9324935597342
709,Spain OBL 2.15% 31oct2025,2022-10-20,-98.27182101031849
710,Spain OBL 2.15% 31oct2025,2022-10-21,144.10823850023462
711,Spain OBL 2.15% 31oct2025,2022-10-24,327.32005537537816
712,Spain OBL 2.15% 31oct2025,2022-10-25,648.9348258749828
713,Spain OBL 2.15% 31oct2025,2022-10-26,-36.71645139015254
714,Spain OBL 2.15% 31oct2025,2022-10-27,994.1484291600063
715,Spain OBL 2.15% 31oct2025,2022-10-28,-487.8509757003303
716,Spain OBL 2.15% 31oct2025,2022-10-31,-400.3878173700987
717,Spain OBL 2.15% 31oct2025,2022-11-01,159.1285716907014
718,Spain OBL 2.15% 31oct2025,2022-11-02,-228.67504849065608
719,Spain OBL 2.15% 31oct2025,2022-11-03,-462.4746773899715
720,Spain OBL 2.15% 31oct2025,2022-11-04,-159.4833362093741
721,Spain OBL 2.15% 31oct2025,2022-11-07,-159.30779004038504
722,Spain OBL 2.15% 31oct2025,2022-11-08,0.7034619601963641
723,Spain OBL 2.15% 31oct2025,2022-11-09,370.8114071249838
724,Spain OBL 2.15% 31oct2025,2022-11-10,854.119456499609
725,Spain OBL 2.15% 31oct2025,2022-11-11,-833.6070793495119
726,Spain OBL 2.15% 31oct2025,2022-11-14,62.44294616989646
727,Spain OBL 2.15% 31oct2025,2022-11-15,289.88627985029325
728,Spain OBL 2.15% 31oct2025,2022-11-16,180.580586859317
729,Spain OBL 2.15% 31oct2025,2022-11-17,-161.2510917296222
730,Spain OBL 2.15% 31oct2025,2022-11-18,212.34947642955558
731,Spain OBL 2.15% 31oct2025,2022-11-21,90.11517302060383
732,Spain OBL 2.15% 31oct2025,2022-11-22,-35.12638858039463
733,Spain OBL 2.15% 31oct2025,2022-11-23,139.26544849051152
734,Spain OBL 2.15% 31oct2025,2022-11-25,-298.9265661102445
735,Spain OBL 2.15% 31oct2025,2022-11-28,-36.18704544018328
736,Spain OBL 2.15% 31oct2025,2022-11-29,364.91053158966224
737,Spain OBL 2.15% 31oct2025,2022-11-30,-367.2076220998233
738,Spain OBL 2.15% 31oct2025,2022-12-01,558.8044119003025
739,Spain OBL 2.15% 31oct2025,2022-12-02,-221.74778250005602
740,Spain OBL 2.15% 31oct2025,2022-12-05,-14.199450799927945
741,Spain OBL 2.15% 31oct2025,2022-12-06,274.618162579769
742,Spain OBL 2.15% 31oct2025,2022-12-07,193.01169672034757
743,Spain OBL 2.15% 31oct2025,2022-12-08,54.10749672012298
744,Spain OBL 2.15% 31oct2025,2022-12-09,-850.9907803205133
745,Spain OBL 2.15% 31oct2025,2022-12-12,319.4982870003687
746,Spain OBL 2.15% 31oct2025,2022-12-13,115.48770157968647
747,Spain OBL 2.15% 31oct2025,2022-12-14,-19.156964760274604
748,Spain OBL 2.15% 31oct2025,2022-12-15,-1622.3293331797368
749,Spain OBL 2.15% 31oct2025,2022-12-16,-451.4961985599957
750,Spain OBL 2.15% 31oct2025,2022-12-19,-8.524828000076923
751,Spain OBL 2.15% 31oct2025,2022-12-20,-390.5039049995139
752,Spain OBL 2.15% 31oct2025,2022-12-21,0.0
753,Spain OBL 2.15% 31oct2025,2022-12-22,-179.4218635000675
754,Spain OBL 2.15% 31oct2025,2022-12-23,-213.69714899992687
755,Spain OBL 2.15% 31oct2025,2022-12-27,-290.7849641249868
756,Spain OBL 2.15% 31oct2025,2022-12-28,77.26364662449896
757,Spain OBL 2.15% 31oct2025,2022-12-29,216.13642500016113
758,Spain OBL 2.15% 31oct2025,2022-12-30,-179.76589399975182
759,Spain OBL 2.35% 30jul2033,2022-09-23,0.0
760,Spain OBL 2.35% 30jul2033,2022-09-26,-1098.3984972501344
761,Spain OBL 2.35% 30jul2033,2022-09-27,-1637.6694915000621
762,Spain OBL 2.35% 30jul2033,2022-09-28,833.5413310000808
763,Spain OBL 2.35% 30jul2033,2022-09-29,-416.95927425005584
764,Spain OBL 2.35% 30jul2033,2022-09-30,1161.116559450118
765,Spain OBL 2.35% 30jul2033,2022-10-03,802.8209430001607
766,Spain OBL 2.35% 30jul2033,2022-10-04,208.35843874958755
767,Spain OBL 2.35% 30jul2033,2022-10-05,-414.8446802499211
768,Spain OBL 2.35% 30jul2033,2022-10-06,-566.677404999873
769,Spain OBL 2.35% 30jul2033,2022-10-07,-1279.4575657501355
770,Spain OBL 2.35% 30jul2033,2022-10-10,655.3654275001622
771,Spain OBL 2.35% 30jul2033,2022-10-11,-29.33906422516975
772,Spain OBL 2.35% 30jul2033,2022-10-12,-298.18560824988185
773,Spain OBL 2.35% 30jul2033,2022-10-13,328.2877163999158
774,Spain OBL 2.35% 30jul2033,2022-10-14,-269.0639908500466
775,Spain OBL 2.35% 30jul2033,2022-10-17,-476.28983249991256
776,Spain OBL 2.35% 30jul2033,2022-10-18,-209.18074905004846
777,Spain OBL 2.35% 30jul2033,2022-10-19,804.5701051500164
778,Spain OBL 2.35% 30jul2033,2022-10-20,-119.75195339984339
779,Spain OBL 2.35% 30jul2033,2022-10-21,-178.2139749000312
780,Spain OBL 2.35% 30jul2033,2022-10-24,-595.8203194499563
781,Spain OBL 2.35% 30jul2033,2022-10-25,1757.0383520996015
782,Spain OBL 2.35% 30jul2033,2022-10-26,387.40300140001136
783,Spain OBL 2.35% 30jul2033,2022-10-27,267.08749725040434
784,Spain OBL 2.35% 30jul2033,2022-10-28,685.1315817496243
785,Spain OBL 2.35% 30jul2033,2022-10-31,-1040.2596224996933
786,Spain OBL 2.35% 30jul2033,2022-11-01,356.45143974979874
787,Spain OBL 2.35% 30jul2033,2022-11-02,-209.3513747498946
788,Spain OBL 2.35% 30jul2033,2022-11-03,-1160.5686225000682
789,Spain OBL 2.35% 30jul2033,2022-11-04,-296.3022352498888
790,Spain OBL 2.35% 30jul2033,2022-11-07,-178.65017865011464
791,Spain OBL 2.35% 30jul2033,2022-11-08,566.3801393250012
792,Spain OBL 2.35% 30jul2033,2022-11-09,951.4860888002302
793,Spain OBL 2.35% 30jul2033,2022-11-10,2558.374693000005
794,Spain OBL 2.35% 30jul2033,2022-11-11,-2378.3337025003175
795,Spain OBL 2.35% 30jul2033,2022-11-14,59.560636450254606
796,Spain OBL 2.35% 30jul2033,2022-11-15,951.6760819997626
797,Spain OBL 2.35% 30jul2033,2022-11-16,950.8856839999453
798,Spain OBL 2.35% 30jul2033,2022-11-17,-297.2491082496981
799,Spain OBL 2.35% 30jul2033,2022-11-18,386.76011965001226
800,Spain OBL 2.35% 30jul2033,2022-11-21,208.52420419970395
801,Spain OBL 2.35% 30jul2033,2022-11-22,28.938803475190525
802,Spain OBL 2.35% 30jul2033,2022-11-23,980.468810425094
803,Spain OBL 2.35% 30jul2033,2022-11-25,-771.0439684501193
804,Spain OBL 2.35% 30jul2033,2022-11-28,-297.4512618002045
805,Spain OBL 2.35% 30jul2033,2022-11-29,861.5768956251277
806,Spain OBL 2.35% 30jul2033,2022-11-30,-563.875253974923
807,Spain OBL 2.35% 30jul2033,2022-12-01,1425.7267002002136
808,Spain OBL 2.35% 30jul2033,2022-12-02,-505.7838945499566
809,Spain OBL 2.35% 30jul2033,2022-12-05,-60.64671690023897
810,Spain OBL 2.35% 30jul2033,2022-12-06,803.4934941000793
811,Spain OBL 2.35% 30jul2033,2022-12-07,29.3578559998914
812,Spain OBL 2.35% 30jul2033,2022-12-08,-386.443569600051
813,Spain OBL 2.35% 30jul2033,2022-12-09,-1159.6545873001287
814,Spain OBL 2.35% 30jul2033,2022-12-12,-117.44924399965566
815,Spain OBL 2.35% 30jul2033,2022-12-13,295.8965018499771
816,Spain OBL 2.35% 30jul2033,2022-12-14,-534.7081922249945
817,Spain OBL 2.35% 30jul2033,2022-12-15,-2169.6916587502715
818,Spain OBL 2.35% 30jul2033,2022-12-16,-920.4881597248523
819,Spain OBL 2.35% 30jul2033,2022-12-19,-269.1691642498972
820,Spain OBL 2.35% 30jul2033,2022-12-20,-831.261648000168
821,Spain OBL 2.35% 30jul2033,2022-12-21,146.80036350012642
822,Spain OBL 2.35% 30jul2033,2022-12-22,-534.8652967500509
823,Spain OBL 2.35% 30jul2033,2022-12-23,-297.64236337511943
824,Spain OBL 2.35% 30jul2033,2022-12-27,-715.3491687749872
825,Spain OBL 2.35% 30jul2033,2022-12-28,655.7991092251295
826,Spain OBL 2.35% 30jul2033,2022-12-29,-268.6298650001445
827,Spain OBL 2.35% 30jul2033,2022-12-30,-802.8575364748754
828,Spain OBL 2.9% 31oct2046,2022-09-23,0.0
829,Spain OBL 2.9% 31oct2046,2022-09-26,-1999.9981998001113
830,Spain OBL 2.9% 31oct2046,2022-09-27,-4677.860373749868
831,Spain OBL 2.9% 31oct2046,2022-09-28,1043.0411749101077
832,Spain OBL 2.9% 31oct2046,2022-09-29,-2103.1025856350307
833,Spain OBL 2.9% 31oct2046,2022-09-30,1675.8596400699876
834,Spain OBL 2.9% 31oct2046,2022-10-03,5044.617229599964
835,Spain OBL 2.9% 31oct2046,2022-10-04,17.308464639926115
836,Spain OBL 2.9% 31oct2046,2022-10-05,-4700.5515603199365
837,Spain OBL 2.9% 31oct2046,2022-10-06,-138.91819382020685
838,Spain OBL 2.9% 31oct2046,2022-10-07,-2756.5234876498434
839,Spain OBL 2.9% 31oct2046,2022-10-10,-2027.963746659914
840,Spain OBL 2.9% 31oct2046,2022-10-11,-225.0134787001889
841,Spain OBL 2.9% 31oct2046,2022-10-12,-2655.878234564778
842,Spain OBL 2.9% 31oct2046,2022-10-13,1896.712193639909
843,Spain OBL 2.9% 31oct2046,2022-10-14,-1924.0808620601147
844,Spain OBL 2.9% 31oct2046,2022-10-17,2090.7074232000577
845,Spain OBL 2.9% 31oct2046,2022-10-18,75.14027713490987
846,Spain OBL 2.9% 31oct2046,2022-10-19,-449.99830127984205
847,Spain OBL 2.9% 31oct2046,2022-10-20,-561.7021383599222
848,Spain OBL 2.9% 31oct2046,2022-10-21,-1612.1967985201081
849,Spain OBL 2.9% 31oct2046,2022-10-24,3375.423551279915
850,Spain OBL 2.9% 31oct2046,2022-10-25,4291.355995185175
851,Spain OBL 2.9% 31oct2046,2022-10-26,434.90614028998493
852,Spain OBL 2.9% 31oct2046,2022-10-27,3214.185084789786
853,Spain OBL 2.9% 31oct2046,2022-10-28,-1061.4895410797872
854,Spain OBL 2.9% 31oct2046,2022-10-31,-2867.071132899884
855,Spain OBL 2.9% 31oct2046,2022-11-01,350.9627785198761
856,Spain OBL 2.9% 31oct2046,2022-11-02,158.40551601495713
857,Spain OBL 2.9% 31oct2046,2022-11-03,-1366.9493619649113
858,Spain OBL 2.9% 31oct2046,2022-11-04,-603.5012705700794
859,Spain OBL 2.9% 31oct2046,2022-11-07,58.7448552001365
860,Spain OBL 2.9% 31oct2046,2022-11-08,1587.236720499934
861,Spain OBL 2.9% 31oct2046,2022-11-09,2045.1427796501025
862,Spain OBL 2.9% 31oct2046,2022-11-10,4006.0455979648605
863,Spain OBL 2.9% 31oct2046,2022-11-11,-4346.337473880111
864,Spain OBL 2.9% 31oct2046,2022-11-14,43.88269837519147
865,Spain OBL 2.9% 31oct2046,2022-11-15,2458.1664862197176
866,Spain OBL 2.9% 31oct2046,2022-11-16,2411.9508182401305
867,Spain OBL 2.9% 31oct2046,2022-11-17,-151.42925479496853
868,Spain OBL 2.9% 31oct2046,2022-11-18,1159.5130512750757
869,Spain OBL 2.9% 31oct2046,2022-11-21,188.81430502480384
870,Spain OBL 2.9% 31oct2046,2022-11-22,143.8748727751556
871,Spain OBL 2.9% 31oct2046,2022-11-23,3327.0601062401256
872,Spain OBL 2.9% 31oct2046,2022-11-25,-1339.0440876802604
873,Spain OBL 2.9% 31oct2046,2022-11-28,-340.55291606987794
874,Spain OBL 2.9% 31oct2046,2022-11-29,1413.2364247198993
875,Spain OBL 2.9% 31oct2046,2022-11-30,-772.3434979197857
876,Spain OBL 2.9% 31oct2046,2022-12-01,2353.00263056987
877,Spain OBL 2.9% 31oct2046,2022-12-02,-423.74642740514355
878,Spain OBL 2.9% 31oct2046,2022-12-05,-1.6067384997695626
879,Spain OBL 2.9% 31oct2046,2022-12-06,1771.6526687699325
880,Spain OBL 2.9% 31oct2046,2022-12-07,554.8190031299423
881,Spain OBL 2.9% 31oct2046,2022-12-08,-1437.2450871348879
882,Spain OBL 2.9% 31oct2046,2022-12-09,-1982.490876905249
883,Spain OBL 2.9% 31oct2046,2022-12-12,571.4496178053032
884,Spain OBL 2.9% 31oct2046,2022-12-13,556.4612277547376
885,Spain OBL 2.9% 31oct2046,2022-12-14,-1743.978540569949
886,Spain OBL 2.9% 31oct2046,2022-12-15,-3690.423741030042
887,Spain OBL 2.9% 31oct2046,2022-12-16,-1877.8029831649371
888,Spain OBL 2.9% 31oct2046,2022-12-19,-1358.506283849789
889,Spain OBL 2.9% 31oct2046,2022-12-20,-2632.569017679975
890,Spain OBL 2.9% 31oct2046,2022-12-21,-140.94554180532396
891,Spain OBL 2.9% 31oct2046,2022-12-22,-1201.4046304199574
892,Spain OBL 2.9% 31oct2046,2022-12-23,-684.4352781049245
893,Spain OBL 2.9% 31oct2046,2022-12-27,-2879.5911498351275
894,Spain OBL 2.9% 31oct2046,2022-12-28,-408.56706144996906
895,Spain OBL 2.9% 31oct2046,2022-12-29,1079.6873323050713
896,Spain OBL 2.9% 31oct2046,2022-12-30,-1857.809577359987
897,Spain OBL 3.8% 30apr2024,2022-09-23,0.0
898,Spain OBL 3.8% 30apr2024,2022-09-26,-3.318850079911499
899,Spain OBL 3.8% 30apr2024,2022-09-27,2.808257759850676
900,Spain OBL 3.8% 30apr2024,2022-09-28,0.25529616003041156
901,Spain OBL 3.8% 30apr2024,2022-09-29,-2.0423692797594413
902,Spain OBL 3.8% 30apr2024,2022-09-30,0.0
903,Spain OBL 3.8% 30apr2024,2022-10-03,-1.2764808001520578
904,Spain OBL 3.8% 30apr2024,2022-10-04,-1.2764808001520578
905,Spain OBL 3.8% 30apr2024,2022-10-05,1.5317769601824693
906,Spain OBL 3.8% 30apr2024,2022-10-06,-0.7658884800912347
907,Spain OBL 3.8% 30apr2024,2022-10-07,0.0
908,Spain OBL 3.8% 30apr2024,2022-10-10,0.7658884800912347
909,Spain OBL 3.8% 30apr2024,2022-10-11,1.0211846401216462
910,Spain OBL 3.8% 30apr2024,2022-10-12,1.2764808001520578
911,Spain OBL 3.8% 30apr2024,2022-10-13,-2.0423692802432925
912,Spain OBL 3.8% 30apr2024,2022-10-14,3.0635539198810875
913,Spain OBL 3.8% 30apr2024,2022-10-17,0.0
914,Spain OBL 3.8% 30apr2024,2022-10-18,-3.829442399972322
915,Spain OBL 3.8% 30apr2024,2022-10-19,-0.7658884800912347
916,Spain OBL 3.8% 30apr2024,2022-10-20,1.0211846401216462
917,Spain OBL 3.8% 30apr2024,2022-10-21,2.0423692802432925
918,Spain OBL 3.8% 30apr2024,2022-10-24,1.5317769596986182
919,Spain OBL 3.8% 30apr2024,2022-10-25,-4.595330880063557
920,Spain OBL 3.8% 30apr2024,2022-10-26,1.787073120212881
921,Spain OBL 3.8% 30apr2024,2022-10-27,0.0
922,Spain OBL 3.8% 30apr2024,2022-10-28,-1.787073120212881
923,Spain OBL 3.8% 30apr2024,2022-10-31,2.808257760334527
924,Spain OBL 3.8% 30apr2024,2022-11-01,1.5317769596986182
925,Spain OBL 3.8% 30apr2024,2022-11-02,-1.2764807996682066
926,Spain OBL 3.8% 30apr2024,2022-11-03,1.021184639637795
927,Spain OBL 3.8% 30apr2024,2022-11-04,-2.808257759850676
928,Spain OBL 3.8% 30apr2024,2022-11-07,0.25529616003041156
929,Spain OBL 3.8% 30apr2024,2022-11-08,1.787073120212881
930,Spain OBL 3.8% 30apr2024,2022-11-09,0.0
931,Spain OBL 3.8% 30apr2024,2022-11-10,-2.0423692802432925
932,Spain OBL 3.8% 30apr2024,2022-11-11,2.0423692802432925
933,Spain OBL 3.8% 30apr2024,2022-11-14,-2.297665440273704
934,Spain OBL 3.8% 30apr2024,2022-11-15,-1.2764808001520578
935,Spain OBL 3.8% 30apr2024,2022-11-16,0.25529616003041156
936,Spain OBL 3.8% 30apr2024,2022-11-17,3.829442399972322
937,Spain OBL 3.8% 30apr2024,2022-11-18,-4.340034719549294
938,Spain OBL 3.8% 30apr2024,2022-11-21,1.2764807996682066
939,Spain OBL 3.8% 30apr2024,2022-11-22,-1.2764807996682066
940,Spain OBL 3.8% 30apr2024,2022-11-23,4.850627039610117
941,Spain OBL 3.8% 30apr2024,2022-11-25,-3.0635539198810875
942,Spain OBL 3.8% 30apr2024,2022-11-28,2.5529615998202644
943,Spain OBL 3.8% 30apr2024,2022-11-29,-3.829442399972322
944,Spain OBL 3.8% 30apr2024,2022-11-30,4.595330880063557
945,Spain OBL 3.8% 30apr2024,2022-12-01,-2.297665439789853
946,Spain OBL 3.8% 30apr2024,2022-12-02,1.0211846401216462
947,Spain OBL 3.8% 30apr2024,2022-12-05,-3.574146240425762
948,Spain OBL 3.8% 30apr2024,2022-12-06,1.2764808001520578
949,Spain OBL 3.8% 30apr2024,2022-12-07,-1.5317769596986182
950,Spain OBL 3.8% 30apr2024,2022-12-08,5.105923199640529
951,Spain OBL 3.8% 30apr2024,2022-12-09,-3.5741462399419106
952,Spain OBL 3.8% 30apr2024,2022-12-12,0.0
953,Spain OBL 3.8% 30apr2024,2022-12-13,-0.25529616003041156
954,Spain OBL 3.8% 30apr2024,2022-12-14,-0.5105923200608231
955,Spain OBL 3.8% 30apr2024,2022-12-15,1.0211846401216462
956,Spain OBL 3.8% 30apr2024,2022-12-16,3.318850079911499
957,Spain OBL 3.8% 30apr2024,2022-12-19,-4.340034720033145
958,Spain OBL 3.8% 30apr2024,2022-12-20,0.25529616003041156
959,Spain OBL 3.8% 30apr2024,2022-12-21,3.829442399972322
960,Spain OBL 3.8% 30apr2024,2022-12-22,-1.021184639637795
961,Spain OBL 3.8% 30apr2024,2022-12-23,-3.829442399972322
962,Spain OBL 3.8% 30apr2024,2022-12-27,0.7658884796073835
963,Spain OBL 3.8% 30apr2024,2022-12-28,2.5529616003041156
964,Spain OBL 3.8% 30apr2024,2022-12-29,-0.25529616003041156
965,Spain OBL 3.8% 30apr2024,2022-12-30,1.0211846401216462
966,USA Bonds 3% 15aug2052,2022-09-23,0.0
967,USA Bonds 3% 15aug2052,2022-09-26,180.80692708475067
968,USA Bonds 3% 15aug2052,2022-09-27,-6156.3363677999105
969,USA Bonds 3% 15aug2052,2022-09-28,4010.4517391099853
970,USA Bonds 3% 15aug2052,2022-09-29,-594.2317937847179
971,USA Bonds 3% 15aug2052,2022-09-30,52.62647021997577
972,USA Bonds 3% 15aug2052,2022-10-03,2360.4749627197925
973,USA Bonds 3% 15aug2052,2022-10-04,-1419.1775939998824
974,USA Bonds 3% 15aug2052,2022-10-05,-2445.3900737099557
975,USA Bonds 3% 15aug2052,2022-10-06,-823.049395694984
976,USA Bonds 3% 15aug2052,2022-10-07,-2181.2560531601357
977,USA Bonds 3% 15aug2052,2022-10-10,200.5563806399357
978,USA Bonds 3% 15aug2052,2022-10-11,-1554.8523538497739
979,USA Bonds 3% 15aug2052,2022-10-12,-242.55602640012285
980,USA Bonds 3% 15aug2052,2022-10-13,-1085.9389140599799
981,USA Bonds 3% 15aug2052,2022-10-14,-1529.0255203398058
982,USA Bonds 3% 15aug2052,2022-10-17,222.71174441486073
983,USA Bonds 3% 15aug2052,2022-10-18,-3390.888265680257
984,USA Bonds 3% 15aug2052,2022-10-19,-320.28645719987435
985,USA Bonds 3% 15aug2052,2022-10-20,-2057.0454032599946
986,USA Bonds 3% 15aug2052,2022-10-21,-4813.582954699971
987,USA Bonds 3% 15aug2052,2022-10-24,-695.1694385997666
988,USA Bonds 3% 15aug2052,2022-10-25,3148.7254886496303
989,USA Bonds 3% 15aug2052,2022-10-26,2803.414660820224
990,USA Bonds 3% 15aug2052,2022-10-27,2249.3097446398097
991,USA Bonds 3% 15aug2052,2022-10-28,-241.80120899982285
992,USA Bonds 3% 15aug2052,2022-10-31,-1713.2060588598233
993,USA Bonds 3% 15aug2052,2022-11-01,1290.1004677798155
994,USA Bonds 3% 15aug2052,2022-11-02,320.5986101499184
995,USA Bonds 3% 15aug2052,2022-11-03,-2284.097358740013
996,USA Bonds 3% 15aug2052,2022-11-04,-1904.6740984199373
997,USA Bonds 3% 15aug2052,2022-11-07,-1206.9337182501886
998,USA Bonds 3% 15aug2052,2022-11-08,-234.3750796796594
999,USA Bonds 3% 15aug2052,2022-11-09,899.9473593798141
1000,USA Bonds 3% 15aug2052,2022-11-10,4353.968287579816
1001,USA Bonds 3% 15aug2052,2022-11-11,1473.645882240111
1002,USA Bonds 3% 15aug2052,2022-11-14,-1580.9931619796967
1003,USA Bonds 3% 15aug2052,2022-11-15,3018.841064579975
1004,USA Bonds 3% 15aug2052,2022-11-16,2115.8748568298993
1005,USA Bonds 3% 15aug2052,2022-11-17,661.9360688398147
1006,USA Bonds 3% 15aug2052,2022-11-18,-501.56802469506124
1007,USA Bonds 3% 15aug2052,2022-11-21,815.9774878801159
1008,USA Bonds 3% 15aug2052,2022-11-22,731.3032167750462
1009,USA Bonds 3% 15aug2052,2022-11-23,2584.289394525215
1010,USA Bonds 3% 15aug2052,2022-11-25,-239.4238884302033
1011,USA Bonds 3% 15aug2052,2022-11-28,1375.651539780031
1012,USA Bonds 3% 15aug2052,2022-11-29,-925.8670770299814
1013,USA Bonds 3% 15aug2052,2022-11-30,-1939.0106589000868
1014,USA Bonds 3% 15aug2052,2022-12-01,3828.6764305650745
1015,USA Bonds 3% 15aug2052,2022-12-02,2472.297527700132
1016,USA Bonds 3% 15aug2052,2022-12-05,1176.2805466799346
1017,USA Bonds 3% 15aug2052,2022-12-06,1153.3180944596993
1018,USA Bonds 3% 15aug2052,2022-12-07,3058.070210320181
1019,USA Bonds 3% 15aug2052,2022-12-08,1174.6067203198218
1020,USA Bonds 3% 15aug2052,2022-12-09,-2774.830223279664
1021,USA Bonds 3% 15aug2052,2022-12-12,-944.3974247999413
1022,USA Bonds 3% 15aug2052,2022-12-13,2406.167337299719
1023,USA Bonds 3% 15aug2052,2022-12-14,-1825.080723499941
1024,USA Bonds 3% 15aug2052,2022-12-15,2083.779440400136
1025,USA Bonds 3% 15aug2052,2022-12-16,-2465.04793170017
1026,USA Bonds 3% 15aug2052,2022-12-19,-3305.5297437600548
1027,USA Bonds 3% 15aug2052,2022-12-20,-2826.3619241000188
1028,USA Bonds 3% 15aug2052,2022-12-21,-303.4780685996652
1029,USA Bonds 3% 15aug2052,2022-12-22,293.76290011963647
1030,USA Bonds 3% 15aug2052,2022-12-23,-2139.428348224974
1031,USA Bonds 3% 15aug2052,2022-12-27,-3645.5565496798827
1032,USA Bonds 3% 15aug2052,2022-12-28,-1768.9698349497826
1033,USA Bonds 3% 15aug2052,2022-12-29,1256.7086199145867
1034,USA Bonds 3% 15aug2052,2022-12-30,452.5318269801055
1035,USA Bonds 3.25% 15may2042,2022-09-23,0.0
1036,USA Bonds 3.25% 15may2042,2022-09-26,-788.8459244396245
1037,USA Bonds 3.25% 15may2042,2022-09-27,-4555.430889120441
1038,USA Bonds 3.25% 15may2042,2022-09-28,2917.4318078402202
1039,USA Bonds 3.25% 15may2042,2022-09-29,-171.69527473502126
1040,USA Bonds 3.25% 15may2042,2022-09-30,-19.632378899907508
1041,USA Bonds 3.25% 15may2042,2022-10-03,2301.368180279742
1042,USA Bonds 3.25% 15may2042,2022-10-04,-659.1335383648329
1043,USA Bonds 3.25% 15may2042,2022-10-05,-2669.1326954997803
1044,USA Bonds 3.25% 15may2042,2022-10-06,-559.4400000003998
1045,USA Bonds 3.25% 15may2042,2022-10-07,-1558.4190599997783
1046,USA Bonds 3.25% 15may2042,2022-10-10,-21.76745828987373
1047,USA Bonds 3.25% 15may2042,2022-10-11,-849.624395620197
1048,USA Bonds 3.25% 15may2042,2022-10-12,-633.0744620198711
1049,USA Bonds 3.25% 15may2042,2022-10-13,-901.2396593200574
1050,USA Bonds 3.25% 15may2042,2022-10-14,-1091.4516553948697
1051,USA Bonds 3.25% 15may2042,2022-10-17,862.1486961148803
1052,USA Bonds 3.25% 15may2042,2022-10-18,-2065.1396151602257
1053,USA Bonds 3.25% 15may2042,2022-10-19,-288.5517994296333
1054,USA Bonds 3.25% 15may2042,2022-10-20,-1685.8959092003136
1055,USA Bonds 3.25% 15may2042,2022-10-21,-3568.2044654998094
1056,USA Bonds 3.25% 15may2042,2022-10-24,-579.5874817600525
1057,USA Bonds 3.25% 15may2042,2022-10-25,3274.865073900115
1058,USA Bonds 3.25% 15may2042,2022-10-26,2327.7216622798196
1059,USA Bonds 3.25% 15may2042,2022-10-27,1334.9903998050625
1060,USA Bonds 3.25% 15may2042,2022-10-28,-690.5209874751233
1061,USA Bonds 3.25% 15may2042,2022-10-31,-1484.6623579199031
1062,USA Bonds 3.25% 15may2042,2022-11-01,1084.57351209997
1063,USA Bonds 3.25% 15may2042,2022-11-02,-361.93523803987955
1064,USA Bonds 3.25% 15may2042,2022-11-03,-1864.3085084000234
1065,USA Bonds 3.25% 15may2042,2022-11-04,-841.5958828498208
1066,USA Bonds 3.25% 15may2042,2022-11-07,-982.2623876103673
1067,USA Bonds 3.25% 15may2042,2022-11-08,531.5248083602039
1068,USA Bonds 3.25% 15may2042,2022-11-09,972.7061031197336
1069,USA Bonds 3.25% 15may2042,2022-11-10,4567.857806680269
1070,USA Bonds 3.25% 15may2042,2022-11-11,952.8013034549886
1071,USA Bonds 3.25% 15may2042,2022-11-14,-1602.6764349601326
1072,USA Bonds 3.25% 15may2042,2022-11-15,2302.400087490057
1073,USA Bonds 3.25% 15may2042,2022-11-16,1894.2964909201883
1074,USA Bonds 3.25% 15may2042,2022-11-17,62.03185842478479
1075,USA Bonds 3.25% 15may2042,2022-11-18,-451.6355749351342
1076,USA Bonds 3.25% 15may2042,2022-11-21,451.2828186453355
1077,USA Bonds 3.25% 15may2042,2022-11-22,398.27960171998666
1078,USA Bonds 3.25% 15may2042,2022-11-23,2050.8318134549154
1079,USA Bonds 3.25% 15may2042,2022-11-25,70.75003734003735
1080,USA Bonds 3.25% 15may2042,2022-11-28,951.4975732197149
1081,USA Bonds 3.25% 15may2042,2022-11-29,-482.09283299980984
1082,USA Bonds 3.25% 15may2042,2022-11-30,-1356.466547440041
1083,USA Bonds 3.25% 15may2042,2022-12-01,3254.7807955000762
1084,USA Bonds 3.25% 15may2042,2022-12-02,1232.723850000184
1085,USA Bonds 3.25% 15may2042,2022-12-05,779.2238960998834
1086,USA Bonds 3.25% 15may2042,2022-12-06,569.1478457250371
1087,USA Bonds 3.25% 15may2042,2022-12-07,2273.78036591977
1088,USA Bonds 3.25% 15may2042,2022-12-08,240.82039400024314
1089,USA Bonds 3.25% 15may2042,2022-12-09,-2234.0206513601975
1090,USA Bonds 3.25% 15may2042,2022-12-12,-359.6521569201509
1091,USA Bonds 3.25% 15may2042,2022-12-13,2854.07956168042
1092,USA Bonds 3.25% 15may2042,2022-12-14,-1057.5034346403017
1093,USA Bonds 3.25% 15may2042,2022-12-15,1806.0566067599962
1094,USA Bonds 3.25% 15may2042,2022-12-16,-1795.5071819999819
1095,USA Bonds 3.25% 15may2042,2022-12-19,-2641.5136937599214
1096,USA Bonds 3.25% 15may2042,2022-12-20,-2165.3110253248124
1097,USA Bonds 3.25% 15may2042,2022-12-21,-179.37010066039556
1098,USA Bonds 3.25% 15may2042,2022-12-22,777.4130088000375
1099,USA Bonds 3.25% 15may2042,2022-12-23,-1948.3985411099866
1100,USA Bonds 3.25% 15may2042,2022-12-27,-2555.8328487597646
1101,USA Bonds 3.25% 15may2042,2022-12-28,-1280.5903045398709
1102,USA Bonds 3.25% 15may2042,2022-12-29,1092.3061301248792
1103,USA Bonds 3.25% 15may2042,2022-12-30,129.60002054995084
1104,USA Notes 0.625% 31dec2027,2022-09-23,0.0
1105,USA Notes 0.625% 31dec2027,2022-09-26,-2715.105334910566
1106,USA Notes 0.625% 31dec2027,2022-09-27,-4991.801776603586
1107,USA Notes 0.625% 31dec2027,2022-09-28,6920.047560689989
1108,USA Notes 0.625% 31dec2027,2022-09-29,75.4000354786499
1109,USA Notes 0.625% 31dec2027,2022-09-30,1686.575979001641
1110,USA Notes 0.625% 31dec2027,2022-10-03,6414.295019998431
1111,USA Notes 0.625% 31dec2027,2022-10-04,-1012.6050826496241
1112,USA Notes 0.625% 31dec2027,2022-10-05,-6115.814405023845
1113,USA Notes 0.625% 31dec2027,2022-10-06,-1468.9601714509672
1114,USA Notes 0.625% 31dec2027,2022-10-07,-2630.9432412894516
1115,USA Notes 0.625% 31dec2027,2022-10-10,-1129.2015641996295
1116,USA Notes 0.625% 31dec2027,2022-10-11,880.8156805786853
1117,USA Notes 0.625% 31dec2027,2022-10-12,-971.0547807698474
1118,USA Notes 0.625% 31dec2027,2022-10-13,-2175.3819612596008
1119,USA Notes 0.625% 31dec2027,2022-10-14,-1592.7731855391723
1120,USA Notes 0.625% 31dec2027,2022-10-17,2091.361964249329
1121,USA Notes 0.625% 31dec2027,2022-10-18,-1586.3582357001137
1122,USA Notes 0.625% 31dec2027,2022-10-19,-1803.479507699575
1123,USA Notes 0.625% 31dec2027,2022-10-20,-1967.943458601093
1124,USA Notes 0.625% 31dec2027,2022-10-21,-464.06160021869164
1125,USA Notes 0.625% 31dec2027,2022-10-24,1133.9085806791138
1126,USA Notes 0.625% 31dec2027,2022-10-25,4565.740556195486
1127,USA Notes 0.625% 31dec2027,2022-10-26,1389.084217945234
1128,USA Notes 0.625% 31dec2027,2022-10-27,3689.414757598819
1129,USA Notes 0.625% 31dec2027,2022-10-28,-1888.5131452794449
1130,USA Notes 0.625% 31dec2027,2022-10-31,-2844.651488414751
1131,USA Notes 0.625% 31dec2027,2022-11-01,-501.52733070110526
1132,USA Notes 0.625% 31dec2027,2022-11-02,-134.85637424921606
1133,USA Notes 0.625% 31dec2027,2022-11-03,-4439.178482699812
1134,USA Notes 0.625% 31dec2027,2022-11-04,1131.9795278997026
1135,USA Notes 0.625% 31dec2027,2022-11-07,-761.265635354127
1136,USA Notes 0.625% 31dec2027,2022-11-08,1688.0365592998505
1137,USA Notes 0.625% 31dec2027,2022-11-09,2342.3753802598676
1138,USA Notes 0.625% 31dec2027,2022-11-10,10778.72452221457
1139,USA Notes 0.625% 31dec2027,2022-11-11,877.5873063742381
1140,USA Notes 0.625% 31dec2027,2022-11-14,-3182.550593753615
1141,USA Notes 0.625% 31dec2027,2022-11-15,3728.7397320001674
1142,USA Notes 0.625% 31dec2027,2022-11-16,2259.215333878667
1143,USA Notes 0.625% 31dec2027,2022-11-17,-3098.0348587501967
1144,USA Notes 0.625% 31dec2027,2022-11-18,-76.6521626589024
1145,USA Notes 0.625% 31dec2027,2022-11-21,-293.1626384394458
1146,USA Notes 0.625% 31dec2027,2022-11-22,-53.218130519917395
1147,USA Notes 0.625% 31dec2027,2022-11-23,1506.2492116786798
1148,USA Notes 0.625% 31dec2027,2022-11-25,722.6160309605111
1149,USA Notes 0.625% 31dec2027,2022-11-28,1046.1694900001817
1150,USA Notes 0.625% 31dec2027,2022-11-29,-754.4648062498425
1151,USA Notes 0.625% 31dec2027,2022-11-30,-3314.112034751228
1152,USA Notes 0.625% 31dec2027,2022-12-01,8585.455767910924
1153,USA Notes 0.625% 31dec2027,2022-12-02,-291.76203038104654
1154,USA Notes 0.625% 31dec2027,2022-12-05,879.5664720013883
1155,USA Notes 0.625% 31dec2027,2022-12-06,-746.8592849998754
1156,USA Notes 0.625% 31dec2027,2022-12-07,3166.2538199990718
1157,USA Notes 0.625% 31dec2027,2022-12-08,-199.18624679903132
1158,USA Notes 0.625% 31dec2027,2022-12-09,-1505.5290128801826
1159,USA Notes 0.625% 31dec2027,2022-12-12,-1342.465060399696
1160,USA Notes 0.625% 31dec2027,2022-12-13,5524.9825645285555
1161,USA Notes 0.625% 31dec2027,2022-12-14,330.47045010121565
1162,USA Notes 0.625% 31dec2027,2022-12-15,-794.7668209196086
1163,USA Notes 0.625% 31dec2027,2022-12-16,-504.1181770205526
1164,USA Notes 0.625% 31dec2027,2022-12-19,-2172.273228040155
1165,USA Notes 0.625% 31dec2027,2022-12-20,-2257.651796369455
1166,USA Notes 0.625% 31dec2027,2022-12-21,717.7278787190371
1167,USA Notes 0.625% 31dec2027,2022-12-22,160.2328526998349
1168,USA Notes 0.625% 31dec2027,2022-12-23,-2504.565939150225
1169,USA Notes 0.625% 31dec2027,2022-12-27,-2766.05827559884
1170,USA Notes 0.625% 31dec2027,2022-12-28,-1671.3617287404852
1171,USA Notes 0.625% 31dec2027,2022-12-29,378.9637370701107
1172,USA Notes 0.625% 31dec2027,2022-12-30,251.96296375074212
1173,USA Notes 1.25% 31dec2026,2022-09-23,0.0
1174,USA Notes 1.25% 31dec2026,2022-09-26,-1465.9986909605786
1175,USA Notes 1.25% 31dec2026,2022-09-27,-2443.1065510794588
1176,USA Notes 1.25% 31dec2026,2022-09-28,4252.644872324853
1177,USA Notes 1.25% 31dec2026,2022-09-29,-343.85865574587
1178,USA Notes 1.25% 31dec2026,2022-09-30,965.9327388007378
1179,USA Notes 1.25% 31dec2026,2022-10-03,2964.247929480174
1180,USA Notes 1.25% 31dec2026,2022-10-04,-316.5193447201318
1181,USA Notes 1.25% 31dec2026,2022-10-05,-3111.4910306897764
1182,USA Notes 1.25% 31dec2026,2022-10-06,-632.3085180508151
1183,USA Notes 1.25% 31dec2026,2022-10-07,-1599.4199999991415
1184,USA Notes 1.25% 31dec2026,2022-10-10,-502.3594417800032
1185,USA Notes 1.25% 31dec2026,2022-10-11,-256.21292632592827
1186,USA Notes 1.25% 31dec2026,2022-10-12,107.24243043026445
1187,USA Notes 1.25% 31dec2026,2022-10-13,-1468.8932199196088
1188,USA Notes 1.25% 31dec2026,2022-10-14,-974.2144366702105
1189,USA Notes 1.25% 31dec2026,2022-10-17,1256.501398680549
1190,USA Notes 1.25% 31dec2026,2022-10-18,-334.5717280950689
1191,USA Notes 1.25% 31dec2026,2022-10-19,-1261.3594402110175
1192,USA Notes 1.25% 31dec2026,2022-10-20,-1106.9410943242135
1193,USA Notes 1.25% 31dec2026,2022-10-21,265.11338502031253
1194,USA Notes 1.25% 31dec2026,2022-10-24,574.048675199534
1195,USA Notes 1.25% 31dec2026,2022-10-25,2392.4601292801963
1196,USA Notes 1.25% 31dec2026,2022-10-26,626.0448358395952
1197,USA Notes 1.25% 31dec2026,2022-10-27,1918.5088369397417
1198,USA Notes 1.25% 31dec2026,2022-10-28,-685.2406250696849
1199,USA Notes 1.25% 31dec2026,2022-10-31,-1730.8413457505048
1200,USA Notes 1.25% 31dec2026,2022-11-01,-418.67116294920265
1201,USA Notes 1.25% 31dec2026,2022-11-02,-157.37952786007872
1202,USA Notes 1.25% 31dec2026,2022-11-03,-2520.837140220285
1203,USA Notes 1.25% 31dec2026,2022-11-04,635.9741013404459
1204,USA Notes 1.25% 31dec2026,2022-11-07,-345.73417280061403
1205,USA Notes 1.25% 31dec2026,2022-11-08,760.349276280293
1206,USA Notes 1.25% 31dec2026,2022-11-09,1161.0373439997493
1207,USA Notes 1.25% 31dec2026,2022-11-10,6060.33348228014
1208,USA Notes 1.25% 31dec2026,2022-11-11,390.24145363454227
1209,USA Notes 1.25% 31dec2026,2022-11-14,-1700.2369769344327
1210,USA Notes 1.25% 31dec2026,2022-11-15,1934.763995500201
1211,USA Notes 1.25% 31dec2026,2022-11-16,1099.3554112803822
1212,USA Notes 1.25% 31dec2026,2022-11-17,-1803.6684691560247
1213,USA Notes 1.25% 31dec2026,2022-11-18,-30.427372469605416
1214,USA Notes 1.25% 31dec2026,2022-11-21,-259.8069032995379
1215,USA Notes 1.25% 31dec2026,2022-11-22,-133.41652380064488
1216,USA Notes 1.25% 31dec2026,2022-11-23,764.4533080799358
1217,USA Notes 1.25% 31dec2026,2022-11-25,182.09825067089923
1218,USA Notes 1.25% 31dec2026,2022-11-28,601.0669049697408
1219,USA Notes 1.25% 31dec2026,2022-11-29,-341.263802845536
1220,USA Notes 1.25% 31dec2026,2022-11-30,-1569.1519890196755
1221,USA Notes 1.25% 31dec2026,2022-12-01,4794.060024565167
1222,USA Notes 1.25% 31dec2026,2022-12-02,-263.14454928026225
1223,USA Notes 1.25% 31dec2026,2022-12-05,212.94649449053577
1224,USA Notes 1.25% 31dec2026,2022-12-06,-477.8274730509672
1225,USA Notes 1.25% 31dec2026,2022-12-07,1757.6124834305806
1226,USA Notes 1.25% 31dec2026,2022-12-08,7.10640292432231
1227,USA Notes 1.25% 31dec2026,2022-12-09,-789.7901443993487
1228,USA Notes 1.25% 31dec2026,2022-12-12,-786.0007860005044
1229,USA Notes 1.25% 31dec2026,2022-12-13,3173.1849643051846
1230,USA Notes 1.25% 31dec2026,2022-12-14,233.94403689043202
1231,USA Notes 1.25% 31dec2026,2022-12-15,-756.3339455097307
1232,USA Notes 1.25% 31dec2026,2022-12-16,-6.645147600376049
1233,USA Notes 1.25% 31dec2026,2022-12-19,-965.1311816005909
1234,USA Notes 1.25% 31dec2026,2022-12-20,-944.1494355999203
1235,USA Notes 1.25% 31dec2026,2022-12-21,312.981191400404
1236,USA Notes 1.25% 31dec2026,2022-12-22,126.76456489441489
1237,USA Notes 1.25% 31dec2026,2022-12-23,-1412.8984039997613
1238,USA Notes 1.25% 31dec2026,2022-12-27,-1465.3096176002691
1239,USA Notes 1.25% 31dec2026,2022-12-28,-598.9547397292395
1240,USA Notes 1.25% 31dec2026,2022-12-29,79.10052191952718
1241,USA Notes 1.25% 31dec2026,2022-12-30,49.59975158047564
1242,USA Notes 2.625% 31mar2025,2022-09-23,0.0
1243,USA Notes 2.625% 31mar2025,2022-09-26,-2773.575240670204
1244,USA Notes 2.625% 31mar2025,2022-09-27,-847.468755705479
1245,USA Notes 2.625% 31mar2025,2022-09-28,3086.2159690251874
1246,USA Notes 2.625% 31mar2025,2022-09-29,-952.6490067897435
1247,USA Notes 2.625% 31mar2025,2022-09-30,275.16020050973043
1248,USA Notes 2.625% 31mar2025,2022-10-03,2553.0482448011317
1249,USA Notes 2.625% 31mar2025,2022-10-04,151.1658791992013
1250,USA Notes 2.625% 31mar2025,2022-10-05,-1671.2447562988882
1251,USA Notes 2.625% 31mar2025,2022-10-06,-580.3353584005436
1252,USA Notes 2.625% 31mar2025,2022-10-07,-1451.3521759104292
1253,USA Notes 2.625% 31mar2025,2022-10-10,-419.0249620795912
1254,USA Notes 2.625% 31mar2025,2022-10-11,-645.788243519888
1255,USA Notes 2.625% 31mar2025,2022-10-12,1108.840191119074
1256,USA Notes 2.625% 31mar2025,2022-10-13,-237.78985670934662
1257,USA Notes 2.625% 31mar2025,2022-10-14,-1523.4596956801179
1258,USA Notes 2.625% 31mar2025,2022-10-17,-461.5736291995345
1259,USA Notes 2.625% 31mar2025,2022-10-18,866.9132272727732
1260,USA Notes 2.625% 31mar2025,2022-10-19,-599.7608988233999
1261,USA Notes 2.625% 31mar2025,2022-10-20,-2165.1720475401326
1262,USA Notes 2.625% 31mar2025,2022-10-21,-810.2110440595259
1263,USA Notes 2.625% 31mar2025,2022-10-24,3357.4690797997546
1264,USA Notes 2.625% 31mar2025,2022-10-25,-912.5348182503046
1265,USA Notes 2.625% 31mar2025,2022-10-26,918.1512053110021
1266,USA Notes 2.625% 31mar2025,2022-10-27,1112.7928356597522
1267,USA Notes 2.625% 31mar2025,2022-10-28,1254.312494468909
1268,USA Notes 2.625% 31mar2025,2022-10-31,-1635.0178989592823
1269,USA Notes 2.625% 31mar2025,2022-11-01,184.20660072007013
1270,USA Notes 2.625% 31mar2025,2022-11-02,-1570.6121069896164
1271,USA Notes 2.625% 31mar2025,2022-11-03,-1441.4975457609053
1272,USA Notes 2.625% 31mar2025,2022-11-04,-725.8655544292055
1273,USA Notes 2.625% 31mar2025,2022-11-07,305.3603053599645
1274,USA Notes 2.625% 31mar2025,2022-11-08,-799.3846911606051
1275,USA Notes 2.625% 31mar2025,2022-11-09,1755.0965639894875
1276,USA Notes 2.625% 31mar2025,2022-11-10,5652.861769200786
1277,USA Notes 2.625% 31mar2025,2022-11-11,30.07265436926309
1278,USA Notes 2.625% 31mar2025,2022-11-14,-1521.7879084199828
1279,USA Notes 2.625% 31mar2025,2022-11-15,1408.059109145679
1280,USA Notes 2.625% 31mar2025,2022-11-16,647.9815658405932
1281,USA Notes 2.625% 31mar2025,2022-11-17,-1645.0669423512313
1282,USA Notes 2.625% 31mar2025,2022-11-18,2.204252505060822
1283,USA Notes 2.625% 31mar2025,2022-11-21,-941.3705854790605
1284,USA Notes 2.625% 31mar2025,2022-11-22,70.30245420038409
1285,USA Notes 2.625% 31mar2025,2022-11-23,613.4995411190685
1286,USA Notes 2.625% 31mar2025,2022-11-25,112.13404531236301
1287,USA Notes 2.625% 31mar2025,2022-11-28,494.0184746873638
1288,USA Notes 2.625% 31mar2025,2022-11-29,-190.7999999989588
1289,USA Notes 2.625% 31mar2025,2022-11-30,-993.0558658536638
1290,USA Notes 2.625% 31mar2025,2022-12-01,3699.110416013895
1291,USA Notes 2.625% 31mar2025,2022-12-02,-613.5059520006835
1292,USA Notes 2.625% 31mar2025,2022-12-05,201.06782009970402
1293,USA Notes 2.625% 31mar2025,2022-12-06,-806.3088718991798
1294,USA Notes 2.625% 31mar2025,2022-12-07,1682.2881893992758
1295,USA Notes 2.625% 31mar2025,2022-12-08,-304.5034558801592
1296,USA Notes 2.625% 31mar2025,2022-12-09,-80.72593410045783
1297,USA Notes 2.625% 31mar2025,2022-12-12,-1069.6719795991635
1298,USA Notes 2.625% 31mar2025,2022-12-13,2678.6231268991037
1299,USA Notes 2.625% 31mar2025,2022-12-14,608.265178560109
1300,USA Notes 2.625% 31mar2025,2022-12-15,-1258.0528448691512
1301,USA Notes 2.625% 31mar2025,2022-12-16,182.60110676944373
1302,USA Notes 2.625% 31mar2025,2022-12-19,-3.693682999955854
1303,USA Notes 2.625% 31mar2025,2022-12-20,-683.6513212192651
1304,USA Notes 2.625% 31mar2025,2022-12-21,806.2114732351088
1305,USA Notes 2.625% 31mar2025,2022-12-22,-247.97524797605547
1306,USA Notes 2.625% 31mar2025,2022-12-23,-1123.8038632863918
1307,USA Notes 2.625% 31mar2025,2022-12-27,-1223.012432951332
1308,USA Notes 2.625% 31mar2025,2022-12-28,80.71799890110242
1309,USA Notes 2.625% 31mar2025,2022-12-29,-215.00729773257012
1310,USA Notes 2.625% 31mar2025,2022-12-30,-55.76011762736334
1311,Western Australian Treasury Corporation (WATC) 3.25% 20jul2028,2022-09-23,0.0
1312,Western Australian Treasury Corporation (WATC) 3.25% 20jul2028,2022-09-26,-677.3874656699693
1313,Western Australian Treasury Corporation (WATC) 3.25% 20jul2028,2022-09-27,-884.1868879877586
1314,Western Australian Treasury Corporation (WATC) 3.25% 20jul2028,2022-09-28,1143.945218400213
1315,Western Australian Treasury Corporation (WATC) 3.25% 20jul2028,2022-09-29,64.16366609981196
1316,Western Australian Treasury Corporation (WATC) 3.25% 20jul2028,2022-09-30,614.9163330003194
1317,Western Australian Treasury Corporation (WATC) 3.25% 20jul2028,2022-10-03,1963.1162301000859
1318,Western Australian Treasury Corporation (WATC) 3.25% 20jul2028,2022-10-04,869.8969948723286
1319,Western Australian Treasury Corporation (WATC) 3.25% 20jul2028,2022-10-05,-1195.5513438848448
1320,Western Australian Treasury Corporation (WATC) 3.25% 20jul2028,2022-10-06,-421.5042338326248
1321,Western Australian Treasury Corporation (WATC) 3.25% 20jul2028,2022-10-07,-505.776971409869
1322,Western Australian Treasury Corporation (WATC) 3.25% 20jul2028,2022-10-10,-404.26030902019056
1323,Western Australian Treasury Corporation (WATC) 3.25% 20jul2028,2022-10-11,-555.6236106074443
1324,Western Australian Treasury Corporation (WATC) 3.25% 20jul2028,2022-10-12,33.697033944830764
1325,Western Australian Treasury Corporation (WATC) 3.25% 20jul2028,2022-10-13,-418.1928594622027
1326,Western Australian Treasury Corporation (WATC) 3.25% 20jul2028,2022-10-14,-197.19681808507266
1327,Western Australian Treasury Corporation (WATC) 3.25% 20jul2028,2022-10-17,788.8982634000422
1328,Western Australian Treasury Corporation (WATC) 3.25% 20jul2028,2022-10-18,-352.87497720023566
1329,Western Australian Treasury Corporation (WATC) 3.25% 20jul2028,2022-10-19,-675.195989250064
1330,Western Australian Treasury Corporation (WATC) 3.25% 20jul2028,2022-10-20,-834.2470220199916
1331,Western Australian Treasury Corporation (WATC) 3.25% 20jul2028,2022-10-21,-1383.2492441998966
1332,Western Australian Treasury Corporation (WATC) 3.25% 20jul2028,2022-10-24,530.012675399903
1333,Western Australian Treasury Corporation (WATC) 3.25% 20jul2028,2022-10-25,2144.3930137178154
1334,Western Australian Treasury Corporation (WATC) 3.25% 20jul2028,2022-10-26,455.87490770241175
1335,Western Australian Treasury Corporation (WATC) 3.25% 20jul2028,2022-10-27,1089.646905600066
1336,Western Australian Treasury Corporation (WATC) 3.25% 20jul2028,2022-10-28,227.82013599228526
1337,Western Australian Treasury Corporation (WATC) 3.25% 20jul2028,2022-10-31,-771.1058034775281
1338,Western Australian Treasury Corporation (WATC) 3.25% 20jul2028,2022-11-01,278.66538993024096
1339,Western Australian Treasury Corporation (WATC) 3.25% 20jul2028,2022-11-02,-1745.6723349903898
1340,Western Australian Treasury Corporation (WATC) 3.25% 20jul2028,2022-11-03,-83.94669027984355
1341,Western Australian Treasury Corporation (WATC) 3.25% 20jul2028,2022-11-04,920.3794967998692
1342,Western Australian Treasury Corporation (WATC) 3.25% 20jul2028,2022-11-07,-369.3830805000016
1343,Western Australian Treasury Corporation (WATC) 3.25% 20jul2028,2022-11-08,-290.1712981071439
1344,Western Australian Treasury Corporation (WATC) 3.25% 20jul2028,2022-11-09,1094.947524299705
1345,Western Australian Treasury Corporation (WATC) 3.25% 20jul2028,2022-11-10,2100.409418400368
1346,Western Australian Treasury Corporation (WATC) 3.25% 20jul2028,2022-11-11,-802.8501380976006
1347,Western Australian Treasury Corporation (WATC) 3.25% 20jul2028,2022-11-14,-423.4754799300117
1348,Western Australian Treasury Corporation (WATC) 3.25% 20jul2028,2022-11-15,374.8750493699554
1349,Western Australian Treasury Corporation (WATC) 3.25% 20jul2028,2022-11-16,1138.314151004997
1350,Western Australian Treasury Corporation (WATC) 3.25% 20jul2028,2022-11-17,10.38724273500884
1351,Western Australian Treasury Corporation (WATC) 3.25% 20jul2028,2022-11-18,326.2785266748133
1352,Western Australian Treasury Corporation (WATC) 3.25% 20jul2028,2022-11-21,234.17315467519984
1353,Western Australian Treasury Corporation (WATC) 3.25% 20jul2028,2022-11-22,121.23132677262652
1354,Western Australian Treasury Corporation (WATC) 3.25% 20jul2028,2022-11-23,0.0
1355,Western Australian Treasury Corporation (WATC) 3.25% 20jul2028,2022-11-25,-884.9116965151356
1356,Western Australian Treasury Corporation (WATC) 3.25% 20jul2028,2022-11-28,754.8790681947039
1357,Western Australian Treasury Corporation (WATC) 3.25% 20jul2028,2022-11-29,-320.98820984993745
1358,Western Australian Treasury Corporation (WATC) 3.25% 20jul2028,2022-11-30,427.3787126702214
1359,Western Australian Treasury Corporation (WATC) 3.25% 20jul2028,2022-12-01,1245.6821795248761
1360,Western Australian Treasury Corporation (WATC) 3.25% 20jul2028,2022-12-02,528.6211417725133
1361,Western Australian Treasury Corporation (WATC) 3.25% 20jul2028,2022-12-05,306.99600003991236
1362,Western Australian Treasury Corporation (WATC) 3.25% 20jul2028,2022-12-06,-223.9602239597425
1363,Western Australian Treasury Corporation (WATC) 3.25% 20jul2028,2022-12-07,-3.8927760100223168
1364,Western Australian Treasury Corporation (WATC) 3.25% 20jul2028,2022-12-08,-168.56928642028197
1365,Western Australian Treasury Corporation (WATC) 3.25% 20jul2028,2022-12-09,7.986856430197804
1366,Western Australian Treasury Corporation (WATC) 3.25% 20jul2028,2022-12-12,-302.2126623600316
1367,Western Australian Treasury Corporation (WATC) 3.25% 20jul2028,2022-12-13,125.85672957016777
1368,Western Australian Treasury Corporation (WATC) 3.25% 20jul2028,2022-12-14,-223.3635130799621
1369,Western Australian Treasury Corporation (WATC) 3.25% 20jul2028,2022-12-15,-1022.5012498803962
1370,Western Australian Treasury Corporation (WATC) 3.25% 20jul2028,2022-12-16,98.23578858041947
1371,Western Australian Treasury Corporation (WATC) 3.25% 20jul2028,2022-12-19,-888.4169050051762
1372,Western Australian Treasury Corporation (WATC) 3.25% 20jul2028,2022-12-20,-593.28910347022
1373,Western Australian Treasury Corporation (WATC) 3.25% 20jul2028,2022-12-21,0.0
1374,Western Australian Treasury Corporation (WATC) 3.25% 20jul2028,2022-12-22,-599.8314152796715
1375,Western Australian Treasury Corporation (WATC) 3.25% 20jul2028,2022-12-23,-315.6935164200072
1376,Western Australian Treasury Corporation (WATC) 3.25% 20jul2028,2022-12-27,0.19585179966770738
1377,Western Australian Treasury Corporation (WATC) 3.25% 20jul2028,2022-12-28,-1907.0815701599658
1378,Western Australian Treasury Corporation (WATC) 3.25% 20jul2028,2022-12-29,119.31876052498865
1379,Western Australian Treasury Corporation (WATC) 3.25% 20jul2028,2022-12-30,77.27755110036014
