date,stock,todayPosition
2022-09-23,USA Notes 2.625% 31mar2025,7631.0
2022-09-23,USA Notes 1.25% 31dec2026,5244.0
2022-09-23,USA Notes 0.625% 31dec2027,8378.0
2022-09-23,USA Bonds 3.25% 15may2042,1998.0
2022-09-23,USA Bonds 3% 15aug2052,2007.0
2022-09-23,Freddie Mac 0.375% 23sep2025,1277.0
2022-09-23,New South Wales Treasury Corp 3% 20may2027,1256.0
2022-09-23,Western Australian Treasury Corporation (WATC) 3.25% 20jul2028,2039.0
2022-09-23,New South Wales Treasury Corp 2.25% 7may2041,848.0
2022-09-23,Belgium OLO 3.75% 22jun2045,899.0
2022-09-23,Japan JGB 0.4% 20sep2025,3666.0
2022-09-23,Japan JGB 0.1% 20sep2027,5079.0
2022-09-23,Japan JGB 0.1% 20jun2031,5328.0
2022-09-23,Japan JGB 1% 20dec2035,2869.0
2022-09-23,Japan JGB 1.7% 20sep2044,3778.0
2022-09-23,Spain OBL 3.8% 30apr2024,2128.0
2022-09-23,Spain OBL 2.15% 31oct2025,1774.0
2022-09-23,Spain OBL 1.45% 31oct2027,3697.0
2022-09-23,Spain OBL 2.35% 30jul2033,1189.0
2022-09-23,Spain OBL 2.9% 31oct2046,1665.0
2022-09-26,USA Notes 2.625% 31mar2025,7631.0
2022-09-26,USA Notes 1.25% 31dec2026,5244.0
2022-09-26,USA Notes 0.625% 31dec2027,8379.0
2022-09-26,USA Bonds 3.25% 15may2042,1998.0
2022-09-26,USA Bonds 3% 15aug2052,2006.0
2022-09-26,Freddie Mac 0.375% 23sep2025,1278.0
2022-09-26,New South Wales Treasury Corp 3% 20may2027,1256.0
2022-09-26,Western Australian Treasury Corporation (WATC) 3.25% 20jul2028,2039.0
2022-09-26,New South Wales Treasury Corp 2.25% 7may2041,848.0
2022-09-26,Belgium OLO 3.75% 22jun2045,899.0
2022-09-26,Japan JGB 0.4% 20sep2025,3666.0
2022-09-26,Japan JGB 0.1% 20sep2027,5079.0
2022-09-26,Japan JGB 0.1% 20jun2031,5328.0
2022-09-26,Japan JGB 1% 20dec2035,2869.0
2022-09-26,Japan JGB 1.7% 20sep2044,3778.0
2022-09-26,Spain OBL 3.8% 30apr2024,2128.0
2022-09-26,Spain OBL 2.15% 31oct2025,1774.0
2022-09-26,Spain OBL 1.45% 31oct2027,3698.0
2022-09-26,Spain OBL 2.35% 30jul2033,1190.0
2022-09-26,Spain OBL 2.9% 31oct2046,1665.0
2022-09-27,USA Notes 2.625% 31mar2025,7633.0
2022-09-27,USA Notes 1.25% 31dec2026,5245.0
2022-09-27,USA Notes 0.625% 31dec2027,8382.0
2022-09-27,USA Bonds 3.25% 15may2042,1998.0
2022-09-27,USA Bonds 3% 15aug2052,2006.0
2022-09-27,Freddie Mac 0.375% 23sep2025,1278.0
2022-09-27,New South Wales Treasury Corp 3% 20may2027,1256.0
2022-09-27,Western Australian Treasury Corporation (WATC) 3.25% 20jul2028,2040.0
2022-09-27,New South Wales Treasury Corp 2.25% 7may2041,848.0
2022-09-27,Belgium OLO 3.75% 22jun2045,900.0
2022-09-27,Japan JGB 0.4% 20sep2025,3666.0
2022-09-27,Japan JGB 0.1% 20sep2027,5079.0
2022-09-27,Japan JGB 0.1% 20jun2031,5328.0
2022-09-27,Japan JGB 1% 20dec2035,2869.0
2022-09-27,Japan JGB 1.7% 20sep2044,3777.0
2022-09-27,Spain OBL 3.8% 30apr2024,2128.0
2022-09-27,Spain OBL 2.15% 31oct2025,1774.0
2022-09-27,Spain OBL 1.45% 31oct2027,3699.0
2022-09-27,Spain OBL 2.35% 30jul2033,1190.0
2022-09-27,Spain OBL 2.9% 31oct2046,1666.0
2022-09-28,USA Notes 2.625% 31mar2025,7633.0
2022-09-28,USA Notes 1.25% 31dec2026,5247.0
2022-09-28,USA Notes 0.625% 31dec2027,8386.0
2022-09-28,USA Bonds 3.25% 15may2042,2001.0
2022-09-28,USA Bonds 3% 15aug2052,2009.0
2022-09-28,Freddie Mac 0.375% 23sep2025,1278.0
2022-09-28,New South Wales Treasury Corp 3% 20may2027,1257.0
2022-09-28,Western Australian Treasury Corporation (WATC) 3.25% 20jul2028,2040.0
2022-09-28,New South Wales Treasury Corp 2.25% 7may2041,849.0
2022-09-28,Belgium OLO 3.75% 22jun2045,902.0
2022-09-28,Japan JGB 0.4% 20sep2025,3666.0
2022-09-28,Japan JGB 0.1% 20sep2027,5079.0
2022-09-28,Japan JGB 0.1% 20jun2031,5328.0
2022-09-28,Japan JGB 1% 20dec2035,2869.0
2022-09-28,Japan JGB 1.7% 20sep2044,3780.0
2022-09-28,Spain OBL 3.8% 30apr2024,2128.0
2022-09-28,Spain OBL 2.15% 31oct2025,1775.0
2022-09-28,Spain OBL 1.45% 31oct2027,3700.0
2022-09-28,Spain OBL 2.35% 30jul2033,1191.0
2022-09-28,Spain OBL 2.9% 31oct2046,1669.0
2022-09-29,USA Notes 2.625% 31mar2025,7631.0
2022-09-29,USA Notes 1.25% 31dec2026,5244.0
2022-09-29,USA Notes 0.625% 31dec2027,8380.0
2022-09-29,USA Bonds 3.25% 15may2042,1999.0
2022-09-29,USA Bonds 3% 15aug2052,2007.0
2022-09-29,Freddie Mac 0.375% 23sep2025,1278.0
2022-09-29,New South Wales Treasury Corp 3% 20may2027,1256.0
2022-09-29,Western Australian Treasury Corporation (WATC) 3.25% 20jul2028,2040.0
2022-09-29,New South Wales Treasury Corp 2.25% 7may2041,848.0
2022-09-29,Belgium OLO 3.75% 22jun2045,902.0
2022-09-29,Japan JGB 0.4% 20sep2025,3666.0
2022-09-29,Japan JGB 0.1% 20sep2027,5080.0
2022-09-29,Japan JGB 0.1% 20jun2031,5328.0
2022-09-29,Japan JGB 1% 20dec2035,2870.0
2022-09-29,Japan JGB 1.7% 20sep2044,3783.0
2022-09-29,Spain OBL 3.8% 30apr2024,2128.0
2022-09-29,Spain OBL 2.15% 31oct2025,1774.0
2022-09-29,Spain OBL 1.45% 31oct2027,3699.0
2022-09-29,Spain OBL 2.35% 30jul2033,1191.0
2022-09-29,Spain OBL 2.9% 31oct2046,1669.0
2022-09-30,USA Notes 2.625% 31mar2025,7632.0
2022-09-30,USA Notes 1.25% 31dec2026,5244.0
2022-09-30,USA Notes 0.625% 31dec2027,8380.0
2022-09-30,USA Bonds 3.25% 15may2042,1999.0
2022-09-30,USA Bonds 3% 15aug2052,2008.0
2022-09-30,Freddie Mac 0.375% 23sep2025,1277.0
2022-09-30,New South Wales Treasury Corp 3% 20may2027,1256.0
2022-09-30,Western Australian Treasury Corporation (WATC) 3.25% 20jul2028,2040.0
2022-09-30,New South Wales Treasury Corp 2.25% 7may2041,848.0
2022-09-30,Belgium OLO 3.75% 22jun2045,903.0
2022-09-30,Japan JGB 0.4% 20sep2025,3666.0
2022-09-30,Japan JGB 0.1% 20sep2027,5080.0
2022-09-30,Japan JGB 0.1% 20jun2031,5328.0
2022-09-30,Japan JGB 1% 20dec2035,2870.0
2022-09-30,Japan JGB 1.7% 20sep2044,3784.0
2022-09-30,Spain OBL 3.8% 30apr2024,2128.0
2022-09-30,Spain OBL 2.15% 31oct2025,1774.0
2022-09-30,Spain OBL 1.45% 31oct2027,3699.0
2022-09-30,Spain OBL 2.35% 30jul2033,1191.0
2022-09-30,Spain OBL 2.9% 31oct2046,1670.0
2022-10-03,USA Notes 2.625% 31mar2025,7632.0
2022-10-03,USA Notes 1.25% 31dec2026,5244.0
2022-10-03,USA Notes 0.625% 31dec2027,8379.0
2022-10-03,USA Bonds 3.25% 15may2042,1999.0
2022-10-03,USA Bonds 3% 15aug2052,2008.0
2022-10-03,Freddie Mac 0.375% 23sep2025,1277.0
2022-10-03,New South Wales Treasury Corp 3% 20may2027,1256.0
2022-10-03,Western Australian Treasury Corporation (WATC) 3.25% 20jul2028,2039.0
2022-10-03,New South Wales Treasury Corp 2.25% 7may2041,848.0
2022-10-03,Belgium OLO 3.75% 22jun2045,902.0
2022-10-03,Japan JGB 0.4% 20sep2025,3666.0
2022-10-03,Japan JGB 0.1% 20sep2027,5079.0
2022-10-03,Japan JGB 0.1% 20jun2031,5328.0
2022-10-03,Japan JGB 1% 20dec2035,2869.0
2022-10-03,Japan JGB 1.7% 20sep2044,3781.0
2022-10-03,Spain OBL 3.8% 30apr2024,2128.0
2022-10-03,Spain OBL 2.15% 31oct2025,1774.0
2022-10-03,Spain OBL 1.45% 31oct2027,3697.0
2022-10-03,Spain OBL 2.35% 30jul2033,1190.0
2022-10-03,Spain OBL 2.9% 31oct2046,1669.0
2022-10-04,USA Notes 2.625% 31mar2025,7630.0
2022-10-04,USA Notes 1.25% 31dec2026,5242.0
2022-10-04,USA Notes 0.625% 31dec2027,8373.0
2022-10-04,USA Bonds 3.25% 15may2042,1998.0
2022-10-04,USA Bonds 3% 15aug2052,2007.0
2022-10-04,Freddie Mac 0.375% 23sep2025,1277.0
2022-10-04,New South Wales Treasury Corp 3% 20may2027,1256.0
2022-10-04,Western Australian Treasury Corporation (WATC) 3.25% 20jul2028,2038.0
2022-10-04,New South Wales Treasury Corp 2.25% 7may2041,847.0
2022-10-04,Belgium OLO 3.75% 22jun2045,900.0
2022-10-04,Japan JGB 0.4% 20sep2025,3666.0
2022-10-04,Japan JGB 0.1% 20sep2027,5079.0
2022-10-04,Japan JGB 0.1% 20jun2031,5328.0
2022-10-04,Japan JGB 1% 20dec2035,2869.0
2022-10-04,Japan JGB 1.7% 20sep2044,3781.0
2022-10-04,Spain OBL 3.8% 30apr2024,2128.0
2022-10-04,Spain OBL 2.15% 31oct2025,1774.0
2022-10-04,Spain OBL 1.45% 31oct2027,3695.0
2022-10-04,Spain OBL 2.35% 30jul2033,1190.0
2022-10-04,Spain OBL 2.9% 31oct2046,1666.0
2022-10-05,USA Notes 2.625% 31mar2025,7630.0
2022-10-05,USA Notes 1.25% 31dec2026,5242.0
2022-10-05,USA Notes 0.625% 31dec2027,8374.0
2022-10-05,USA Bonds 3.25% 15may2042,1998.0
2022-10-05,USA Bonds 3% 15aug2052,2007.0
2022-10-05,Freddie Mac 0.375% 23sep2025,1277.0
2022-10-05,New South Wales Treasury Corp 3% 20may2027,1255.0
2022-10-05,Western Australian Treasury Corporation (WATC) 3.25% 20jul2028,2037.0
2022-10-05,New South Wales Treasury Corp 2.25% 7may2041,847.0
2022-10-05,Belgium OLO 3.75% 22jun2045,900.0
2022-10-05,Japan JGB 0.4% 20sep2025,3666.0
2022-10-05,Japan JGB 0.1% 20sep2027,5079.0
2022-10-05,Japan JGB 0.1% 20jun2031,5328.0
2022-10-05,Japan JGB 1% 20dec2035,2869.0
2022-10-05,Japan JGB 1.7% 20sep2044,3778.0
2022-10-05,Spain OBL 3.8% 30apr2024,2128.0
2022-10-05,Spain OBL 2.15% 31oct2025,1773.0
2022-10-05,Spain OBL 1.45% 31oct2027,3695.0
2022-10-05,Spain OBL 2.35% 30jul2033,1190.0
2022-10-05,Spain OBL 2.9% 31oct2046,1666.0
2022-10-06,USA Notes 2.625% 31mar2025,7631.0
2022-10-06,USA Notes 1.25% 31dec2026,5244.0
2022-10-06,USA Notes 0.625% 31dec2027,8379.0
2022-10-06,USA Bonds 3.25% 15may2042,2000.0
2022-10-06,USA Bonds 3% 15aug2052,2008.0
2022-10-06,Freddie Mac 0.375% 23sep2025,1277.0
2022-10-06,New South Wales Treasury Corp 3% 20may2027,1256.0
2022-10-06,Western Australian Treasury Corporation (WATC) 3.25% 20jul2028,2038.0
2022-10-06,New South Wales Treasury Corp 2.25% 7may2041,848.0
2022-10-06,Belgium OLO 3.75% 22jun2045,902.0
2022-10-06,Japan JGB 0.4% 20sep2025,3666.0
2022-10-06,Japan JGB 0.1% 20sep2027,5079.0
2022-10-06,Japan JGB 0.1% 20jun2031,5328.0
2022-10-06,Japan JGB 1% 20dec2035,2868.0
2022-10-06,Japan JGB 1.7% 20sep2044,3777.0
2022-10-06,Spain OBL 3.8% 30apr2024,2128.0
2022-10-06,Spain OBL 2.15% 31oct2025,1774.0
2022-10-06,Spain OBL 1.45% 31oct2027,3696.0
2022-10-06,Spain OBL 2.35% 30jul2033,1190.0
2022-10-06,Spain OBL 2.9% 31oct2046,1669.0
2022-10-07,USA Notes 2.625% 31mar2025,7632.0
2022-10-07,USA Notes 1.25% 31dec2026,5244.0
2022-10-07,USA Notes 0.625% 31dec2027,8380.0
2022-10-07,USA Bonds 3.25% 15may2042,2001.0
2022-10-07,USA Bonds 3% 15aug2052,2009.0
2022-10-07,Freddie Mac 0.375% 23sep2025,1277.0
2022-10-07,New South Wales Treasury Corp 3% 20may2027,1256.0
2022-10-07,Western Australian Treasury Corporation (WATC) 3.25% 20jul2028,2038.0
2022-10-07,New South Wales Treasury Corp 2.25% 7may2041,848.0
2022-10-07,Belgium OLO 3.75% 22jun2045,902.0
2022-10-07,Japan JGB 0.4% 20sep2025,3666.0
2022-10-07,Japan JGB 0.1% 20sep2027,5079.0
2022-10-07,Japan JGB 0.1% 20jun2031,5328.0
2022-10-07,Japan JGB 1% 20dec2035,2868.0
2022-10-07,Japan JGB 1.7% 20sep2044,3778.0
2022-10-07,Spain OBL 3.8% 30apr2024,2128.0
2022-10-07,Spain OBL 2.15% 31oct2025,1774.0
2022-10-07,Spain OBL 1.45% 31oct2027,3697.0
2022-10-07,Spain OBL 2.35% 30jul2033,1190.0
2022-10-07,Spain OBL 2.9% 31oct2046,1669.0
2022-10-10,USA Notes 2.625% 31mar2025,7632.0
2022-10-10,USA Notes 1.25% 31dec2026,5245.0
2022-10-10,USA Notes 0.625% 31dec2027,8382.0
2022-10-10,USA Bonds 3.25% 15may2042,2002.0
2022-10-10,USA Bonds 3% 15aug2052,2010.0
2022-10-10,Freddie Mac 0.375% 23sep2025,1278.0
2022-10-10,New South Wales Treasury Corp 3% 20may2027,1256.0
2022-10-10,Western Australian Treasury Corporation (WATC) 3.25% 20jul2028,2039.0
2022-10-10,New South Wales Treasury Corp 2.25% 7may2041,848.0
2022-10-10,Belgium OLO 3.75% 22jun2045,903.0
2022-10-10,Japan JGB 0.4% 20sep2025,3666.0
2022-10-10,Japan JGB 0.1% 20sep2027,5079.0
2022-10-10,Japan JGB 0.1% 20jun2031,5328.0
2022-10-10,Japan JGB 1% 20dec2035,2868.0
2022-10-10,Japan JGB 1.7% 20sep2044,3778.0
2022-10-10,Spain OBL 3.8% 30apr2024,2128.0
2022-10-10,Spain OBL 2.15% 31oct2025,1774.0
2022-10-10,Spain OBL 1.45% 31oct2027,3699.0
2022-10-10,Spain OBL 2.35% 30jul2033,1191.0
2022-10-10,Spain OBL 2.9% 31oct2046,1670.0
2022-10-11,USA Notes 2.625% 31mar2025,7632.0
2022-10-11,USA Notes 1.25% 31dec2026,5246.0
2022-10-11,USA Notes 0.625% 31dec2027,8383.0
2022-10-11,USA Bonds 3.25% 15may2042,2002.0
2022-10-11,USA Bonds 3% 15aug2052,2010.0
2022-10-11,Freddie Mac 0.375% 23sep2025,1278.0
2022-10-11,New South Wales Treasury Corp 3% 20may2027,1256.0
2022-10-11,Western Australian Treasury Corporation (WATC) 3.25% 20jul2028,2039.0
2022-10-11,New South Wales Treasury Corp 2.25% 7may2041,848.0
2022-10-11,Belgium OLO 3.75% 22jun2045,904.0
2022-10-11,Japan JGB 0.4% 20sep2025,3666.0
2022-10-11,Japan JGB 0.1% 20sep2027,5079.0
2022-10-11,Japan JGB 0.1% 20jun2031,5328.0
2022-10-11,Japan JGB 1% 20dec2035,2868.0
2022-10-11,Japan JGB 1.7% 20sep2044,3778.0
2022-10-11,Spain OBL 3.8% 30apr2024,2128.0
2022-10-11,Spain OBL 2.15% 31oct2025,1774.0
2022-10-11,Spain OBL 1.45% 31oct2027,3699.0
2022-10-11,Spain OBL 2.35% 30jul2033,1191.0
2022-10-11,Spain OBL 2.9% 31oct2046,1671.0
2022-10-12,USA Notes 2.625% 31mar2025,7633.0
2022-10-12,USA Notes 1.25% 31dec2026,5246.0
2022-10-12,USA Notes 0.625% 31dec2027,8383.0
2022-10-12,USA Bonds 3.25% 15may2042,2002.0
2022-10-12,USA Bonds 3% 15aug2052,2011.0
2022-10-12,Freddie Mac 0.375% 23sep2025,1278.0
2022-10-12,New South Wales Treasury Corp 3% 20may2027,1256.0
2022-10-12,Western Australian Treasury Corporation (WATC) 3.25% 20jul2028,2039.0
2022-10-12,New South Wales Treasury Corp 2.25% 7may2041,849.0
2022-10-12,Belgium OLO 3.75% 22jun2045,905.0
2022-10-12,Japan JGB 0.4% 20sep2025,3666.0
2022-10-12,Japan JGB 0.1% 20sep2027,5079.0
2022-10-12,Japan JGB 0.1% 20jun2031,5328.0
2022-10-12,Japan JGB 1% 20dec2035,2869.0
2022-10-12,Japan JGB 1.7% 20sep2044,3778.0
2022-10-12,Spain OBL 3.8% 30apr2024,2128.0
2022-10-12,Spain OBL 2.15% 31oct2025,1774.0
2022-10-12,Spain OBL 1.45% 31oct2027,3699.0
2022-10-12,Spain OBL 2.35% 30jul2033,1191.0
2022-10-12,Spain OBL 2.9% 31oct2046,1672.0
2022-10-13,USA Notes 2.625% 31mar2025,7632.0
2022-10-13,USA Notes 1.25% 31dec2026,5246.0
2022-10-13,USA Notes 0.625% 31dec2027,8383.0
2022-10-13,USA Bonds 3.25% 15may2042,2003.0
2022-10-13,USA Bonds 3% 15aug2052,2011.0
2022-10-13,Freddie Mac 0.375% 23sep2025,1278.0
2022-10-13,New South Wales Treasury Corp 3% 20may2027,1256.0
2022-10-13,Western Australian Treasury Corporation (WATC) 3.25% 20jul2028,2039.0
2022-10-13,New South Wales Treasury Corp 2.25% 7may2041,849.0
2022-10-13,Belgium OLO 3.75% 22jun2045,906.0
2022-10-13,Japan JGB 0.4% 20sep2025,3666.0
2022-10-13,Japan JGB 0.1% 20sep2027,5079.0
2022-10-13,Japan JGB 0.1% 20jun2031,5328.0
2022-10-13,Japan JGB 1% 20dec2035,2870.0
2022-10-13,Japan JGB 1.7% 20sep2044,3782.0
2022-10-13,Spain OBL 3.8% 30apr2024,2128.0
2022-10-13,Spain OBL 2.15% 31oct2025,1774.0
2022-10-13,Spain OBL 1.45% 31oct2027,3699.0
2022-10-13,Spain OBL 2.35% 30jul2033,1191.0
2022-10-13,Spain OBL 2.9% 31oct2046,1673.0
2022-10-14,USA Notes 2.625% 31mar2025,7632.0
2022-10-14,USA Notes 1.25% 31dec2026,5247.0
2022-10-14,USA Notes 0.625% 31dec2027,8385.0
2022-10-14,USA Bonds 3.25% 15may2042,2003.0
2022-10-14,USA Bonds 3% 15aug2052,2011.0
2022-10-14,Freddie Mac 0.375% 23sep2025,1278.0
2022-10-14,New South Wales Treasury Corp 3% 20may2027,1256.0
2022-10-14,Western Australian Treasury Corporation (WATC) 3.25% 20jul2028,2040.0
2022-10-14,New South Wales Treasury Corp 2.25% 7may2041,849.0
2022-10-14,Belgium OLO 3.75% 22jun2045,905.0
2022-10-14,Japan JGB 0.4% 20sep2025,3666.0
2022-10-14,Japan JGB 0.1% 20sep2027,5079.0
2022-10-14,Japan JGB 0.1% 20jun2031,5328.0
2022-10-14,Japan JGB 1% 20dec2035,2870.0
2022-10-14,Japan JGB 1.7% 20sep2044,3784.0
2022-10-14,Spain OBL 3.8% 30apr2024,2128.0
2022-10-14,Spain OBL 2.15% 31oct2025,1774.0
2022-10-14,Spain OBL 1.45% 31oct2027,3699.0
2022-10-14,Spain OBL 2.35% 30jul2033,1191.0
2022-10-14,Spain OBL 2.9% 31oct2046,1672.0
2022-10-17,USA Notes 2.625% 31mar2025,7633.0
2022-10-17,USA Notes 1.25% 31dec2026,5247.0
2022-10-17,USA Notes 0.625% 31dec2027,8386.0
2022-10-17,USA Bonds 3.25% 15may2042,2004.0
2022-10-17,USA Bonds 3% 15aug2052,2012.0
2022-10-17,Freddie Mac 0.375% 23sep2025,1278.0
2022-10-17,New South Wales Treasury Corp 3% 20may2027,1256.0
2022-10-17,Western Australian Treasury Corporation (WATC) 3.25% 20jul2028,2040.0
2022-10-17,New South Wales Treasury Corp 2.25% 7may2041,849.0
2022-10-17,Belgium OLO 3.75% 22jun2045,906.0
2022-10-17,Japan JGB 0.4% 20sep2025,3666.0
2022-10-17,Japan JGB 0.1% 20sep2027,5079.0
2022-10-17,Japan JGB 0.1% 20jun2031,5328.0
2022-10-17,Japan JGB 1% 20dec2035,2870.0
2022-10-17,Japan JGB 1.7% 20sep2044,3785.0
2022-10-17,Spain OBL 3.8% 30apr2024,2128.0
2022-10-17,Spain OBL 2.15% 31oct2025,1774.0
2022-10-17,Spain OBL 1.45% 31oct2027,3699.0
2022-10-17,Spain OBL 2.35% 30jul2033,1191.0
2022-10-17,Spain OBL 2.9% 31oct2046,1673.0
2022-10-18,USA Notes 2.625% 31mar2025,7633.0
2022-10-18,USA Notes 1.25% 31dec2026,5246.0
2022-10-18,USA Notes 0.625% 31dec2027,8385.0
2022-10-18,USA Bonds 3.25% 15may2042,2003.0
2022-10-18,USA Bonds 3% 15aug2052,2012.0
2022-10-18,Freddie Mac 0.375% 23sep2025,1278.0
2022-10-18,New South Wales Treasury Corp 3% 20may2027,1256.0
2022-10-18,Western Australian Treasury Corporation (WATC) 3.25% 20jul2028,2039.0
2022-10-18,New South Wales Treasury Corp 2.25% 7may2041,849.0
2022-10-18,Belgium OLO 3.75% 22jun2045,905.0
2022-10-18,Japan JGB 0.4% 20sep2025,3666.0
2022-10-18,Japan JGB 0.1% 20sep2027,5079.0
2022-10-18,Japan JGB 0.1% 20jun2031,5328.0
2022-10-18,Japan JGB 1% 20dec2035,2870.0
2022-10-18,Japan JGB 1.7% 20sep2044,3785.0
2022-10-18,Spain OBL 3.8% 30apr2024,2128.0
2022-10-18,Spain OBL 2.15% 31oct2025,1774.0
2022-10-18,Spain OBL 1.45% 31oct2027,3699.0
2022-10-18,Spain OBL 2.35% 30jul2033,1191.0
2022-10-18,Spain OBL 2.9% 31oct2046,1672.0
2022-10-19,USA Notes 2.625% 31mar2025,7633.0
2022-10-19,USA Notes 1.25% 31dec2026,5247.0
2022-10-19,USA Notes 0.625% 31dec2027,8386.0
2022-10-19,USA Bonds 3.25% 15may2042,2005.0
2022-10-19,USA Bonds 3% 15aug2052,2014.0
2022-10-19,Freddie Mac 0.375% 23sep2025,1278.0
2022-10-19,New South Wales Treasury Corp 3% 20may2027,1256.0
2022-10-19,Western Australian Treasury Corporation (WATC) 3.25% 20jul2028,2039.0
2022-10-19,New South Wales Treasury Corp 2.25% 7may2041,849.0
2022-10-19,Belgium OLO 3.75% 22jun2045,905.0
2022-10-19,Japan JGB 0.4% 20sep2025,3666.0
2022-10-19,Japan JGB 0.1% 20sep2027,5080.0
2022-10-19,Japan JGB 0.1% 20jun2031,5328.0
2022-10-19,Japan JGB 1% 20dec2035,2870.0
2022-10-19,Japan JGB 1.7% 20sep2044,3787.0
2022-10-19,Spain OBL 3.8% 30apr2024,2128.0
2022-10-19,Spain OBL 2.15% 31oct2025,1774.0
2022-10-19,Spain OBL 1.45% 31oct2027,3699.0
2022-10-19,Spain OBL 2.35% 30jul2033,1191.0
2022-10-19,Spain OBL 2.9% 31oct2046,1672.0
2022-10-20,USA Notes 2.625% 31mar2025,7633.0
2022-10-20,USA Notes 1.25% 31dec2026,5247.0
2022-10-20,USA Notes 0.625% 31dec2027,8387.0
2022-10-20,USA Bonds 3.25% 15may2042,2005.0
2022-10-20,USA Bonds 3% 15aug2052,2014.0
2022-10-20,Freddie Mac 0.375% 23sep2025,1278.0
2022-10-20,New South Wales Treasury Corp 3% 20may2027,1256.0
2022-10-20,Western Australian Treasury Corporation (WATC) 3.25% 20jul2028,2040.0
2022-10-20,New South Wales Treasury Corp 2.25% 7may2041,849.0
2022-10-20,Belgium OLO 3.75% 22jun2045,905.0
2022-10-20,Japan JGB 0.4% 20sep2025,3666.0
2022-10-20,Japan JGB 0.1% 20sep2027,5080.0
2022-10-20,Japan JGB 0.1% 20jun2031,5328.0
2022-10-20,Japan JGB 1% 20dec2035,2870.0
2022-10-20,Japan JGB 1.7% 20sep2044,3788.0
2022-10-20,Spain OBL 3.8% 30apr2024,2128.0
2022-10-20,Spain OBL 2.15% 31oct2025,1775.0
2022-10-20,Spain OBL 1.45% 31oct2027,3700.0
2022-10-20,Spain OBL 2.35% 30jul2033,1191.0
2022-10-20,Spain OBL 2.9% 31oct2046,1672.0
2022-10-21,USA Notes 2.625% 31mar2025,7634.0
2022-10-21,USA Notes 1.25% 31dec2026,5248.0
2022-10-21,USA Notes 0.625% 31dec2027,8389.0
2022-10-21,USA Bonds 3.25% 15may2042,2006.0
2022-10-21,USA Bonds 3% 15aug2052,2015.0
2022-10-21,Freddie Mac 0.375% 23sep2025,1278.0
2022-10-21,New South Wales Treasury Corp 3% 20may2027,1257.0
2022-10-21,Western Australian Treasury Corporation (WATC) 3.25% 20jul2028,2040.0
2022-10-21,New South Wales Treasury Corp 2.25% 7may2041,849.0
2022-10-21,Belgium OLO 3.75% 22jun2045,906.0
2022-10-21,Japan JGB 0.4% 20sep2025,3666.0
2022-10-21,Japan JGB 0.1% 20sep2027,5080.0
2022-10-21,Japan JGB 0.1% 20jun2031,5328.0
2022-10-21,Japan JGB 1% 20dec2035,2871.0
2022-10-21,Japan JGB 1.7% 20sep2044,3789.0
2022-10-21,Spain OBL 3.8% 30apr2024,2128.0
2022-10-21,Spain OBL 2.15% 31oct2025,1775.0
2022-10-21,Spain OBL 1.45% 31oct2027,3700.0
2022-10-21,Spain OBL 2.35% 30jul2033,1191.0
2022-10-21,Spain OBL 2.9% 31oct2046,1672.0
2022-10-24,USA Notes 2.625% 31mar2025,7635.0
2022-10-24,USA Notes 1.25% 31dec2026,5248.0
2022-10-24,USA Notes 0.625% 31dec2027,8389.0
2022-10-24,USA Bonds 3.25% 15may2042,2009.0
2022-10-24,USA Bonds 3% 15aug2052,2017.0
2022-10-24,Freddie Mac 0.375% 23sep2025,1278.0
2022-10-24,New South Wales Treasury Corp 3% 20may2027,1257.0
2022-10-24,Western Australian Treasury Corporation (WATC) 3.25% 20jul2028,2041.0
2022-10-24,New South Wales Treasury Corp 2.25% 7may2041,850.0
2022-10-24,Belgium OLO 3.75% 22jun2045,906.0
2022-10-24,Japan JGB 0.4% 20sep2025,3666.0
2022-10-24,Japan JGB 0.1% 20sep2027,5080.0
2022-10-24,Japan JGB 0.1% 20jun2031,5328.0
2022-10-24,Japan JGB 1% 20dec2035,2871.0
2022-10-24,Japan JGB 1.7% 20sep2044,3790.0
2022-10-24,Spain OBL 3.8% 30apr2024,2128.0
2022-10-24,Spain OBL 2.15% 31oct2025,1775.0
2022-10-24,Spain OBL 1.45% 31oct2027,3700.0
2022-10-24,Spain OBL 2.35% 30jul2033,1191.0
2022-10-24,Spain OBL 2.9% 31oct2046,1673.0
2022-10-25,USA Notes 2.625% 31mar2025,7633.0
2022-10-25,USA Notes 1.25% 31dec2026,5248.0
2022-10-25,USA Notes 0.625% 31dec2027,8389.0
2022-10-25,USA Bonds 3.25% 15may2042,2009.0
2022-10-25,USA Bonds 3% 15aug2052,2018.0
2022-10-25,Freddie Mac 0.375% 23sep2025,1278.0
2022-10-25,New South Wales Treasury Corp 3% 20may2027,1257.0
2022-10-25,Western Australian Treasury Corporation (WATC) 3.25% 20jul2028,2041.0
2022-10-25,New South Wales Treasury Corp 2.25% 7may2041,850.0
2022-10-25,Belgium OLO 3.75% 22jun2045,905.0
2022-10-25,Japan JGB 0.4% 20sep2025,3666.0
2022-10-25,Japan JGB 0.1% 20sep2027,5081.0
2022-10-25,Japan JGB 0.1% 20jun2031,5328.0
2022-10-25,Japan JGB 1% 20dec2035,2872.0
2022-10-25,Japan JGB 1.7% 20sep2044,3793.0
2022-10-25,Spain OBL 3.8% 30apr2024,2128.0
2022-10-25,Spain OBL 2.15% 31oct2025,1774.0
2022-10-25,Spain OBL 1.45% 31oct2027,3699.0
2022-10-25,Spain OBL 2.35% 30jul2033,1191.0
2022-10-25,Spain OBL 2.9% 31oct2046,1671.0
2022-10-26,USA Notes 2.625% 31mar2025,7634.0
2022-10-26,USA Notes 1.25% 31dec2026,5246.0
2022-10-26,USA Notes 0.625% 31dec2027,8385.0
2022-10-26,USA Bonds 3.25% 15may2042,2007.0
2022-10-26,USA Bonds 3% 15aug2052,2016.0
2022-10-26,Freddie Mac 0.375% 23sep2025,1278.0
2022-10-26,New South Wales Treasury Corp 3% 20may2027,1256.0
2022-10-26,Western Australian Treasury Corporation (WATC) 3.25% 20jul2028,2040.0
2022-10-26,New South Wales Treasury Corp 2.25% 7may2041,849.0
2022-10-26,Belgium OLO 3.75% 22jun2045,903.0
2022-10-26,Japan JGB 0.4% 20sep2025,3666.0
2022-10-26,Japan JGB 0.1% 20sep2027,5081.0
2022-10-26,Japan JGB 0.1% 20jun2031,5328.0
2022-10-26,Japan JGB 1% 20dec2035,2873.0
2022-10-26,Japan JGB 1.7% 20sep2044,3797.0
2022-10-26,Spain OBL 3.8% 30apr2024,2128.0
2022-10-26,Spain OBL 2.15% 31oct2025,1774.0
2022-10-26,Spain OBL 1.45% 31oct2027,3697.0
2022-10-26,Spain OBL 2.35% 30jul2033,1190.0
2022-10-26,Spain OBL 2.9% 31oct2046,1669.0
2022-10-27,USA Notes 2.625% 31mar2025,7633.0
2022-10-27,USA Notes 1.25% 31dec2026,5246.0
2022-10-27,USA Notes 0.625% 31dec2027,8384.0
2022-10-27,USA Bonds 3.25% 15may2042,2005.0
2022-10-27,USA Bonds 3% 15aug2052,2015.0
2022-10-27,Freddie Mac 0.375% 23sep2025,1278.0
2022-10-27,New South Wales Treasury Corp 3% 20may2027,1256.0
2022-10-27,Western Australian Treasury Corporation (WATC) 3.25% 20jul2028,2039.0
2022-10-27,New South Wales Treasury Corp 2.25% 7may2041,849.0
2022-10-27,Belgium OLO 3.75% 22jun2045,903.0
2022-10-27,Japan JGB 0.4% 20sep2025,3666.0
2022-10-27,Japan JGB 0.1% 20sep2027,5080.0
2022-10-27,Japan JGB 0.1% 20jun2031,5328.0
2022-10-27,Japan JGB 1% 20dec2035,2872.0
2022-10-27,Japan JGB 1.7% 20sep2044,3793.0
2022-10-27,Spain OBL 3.8% 30apr2024,2128.0
2022-10-27,Spain OBL 2.15% 31oct2025,1774.0
2022-10-27,Spain OBL 1.45% 31oct2027,3697.0
2022-10-27,Spain OBL 2.35% 30jul2033,1190.0
2022-10-27,Spain OBL 2.9% 31oct2046,1669.0
2022-10-28,USA Notes 2.625% 31mar2025,7632.0
2022-10-28,USA Notes 1.25% 31dec2026,5245.0
2022-10-28,USA Notes 0.625% 31dec2027,8381.0
2022-10-28,USA Bonds 3.25% 15may2042,2004.0
2022-10-28,USA Bonds 3% 15aug2052,2014.0
2022-10-28,Freddie Mac 0.375% 23sep2025,1277.0
2022-10-28,New South Wales Treasury Corp 3% 20may2027,1256.0
2022-10-28,Western Australian Treasury Corporation (WATC) 3.25% 20jul2028,2039.0
2022-10-28,New South Wales Treasury Corp 2.25% 7may2041,848.0
2022-10-28,Belgium OLO 3.75% 22jun2045,902.0
2022-10-28,Japan JGB 0.4% 20sep2025,3666.0
2022-10-28,Japan JGB 0.1% 20sep2027,5080.0
2022-10-28,Japan JGB 0.1% 20jun2031,5328.0
2022-10-28,Japan JGB 1% 20dec2035,2872.0
2022-10-28,Japan JGB 1.7% 20sep2044,3793.0
2022-10-28,Spain OBL 3.8% 30apr2024,2128.0
2022-10-28,Spain OBL 2.15% 31oct2025,1774.0
2022-10-28,Spain OBL 1.45% 31oct2027,3696.0
2022-10-28,Spain OBL 2.35% 30jul2033,1190.0
2022-10-28,Spain OBL 2.9% 31oct2046,1667.0
2022-10-31,USA Notes 2.625% 31mar2025,7632.0
2022-10-31,USA Notes 1.25% 31dec2026,5245.0
2022-10-31,USA Notes 0.625% 31dec2027,8382.0
2022-10-31,USA Bonds 3.25% 15may2042,2005.0
2022-10-31,USA Bonds 3% 15aug2052,2014.0
2022-10-31,Freddie Mac 0.375% 23sep2025,1278.0
2022-10-31,New South Wales Treasury Corp 3% 20may2027,1256.0
2022-10-31,Western Australian Treasury Corporation (WATC) 3.25% 20jul2028,2038.0
2022-10-31,New South Wales Treasury Corp 2.25% 7may2041,848.0
2022-10-31,Belgium OLO 3.75% 22jun2045,902.0
2022-10-31,Japan JGB 0.4% 20sep2025,3666.0
2022-10-31,Japan JGB 0.1% 20sep2027,5079.0
2022-10-31,Japan JGB 0.1% 20jun2031,5328.0
2022-10-31,Japan JGB 1% 20dec2035,2871.0
2022-10-31,Japan JGB 1.7% 20sep2044,3788.0
2022-10-31,Spain OBL 3.8% 30apr2024,2128.0
2022-10-31,Spain OBL 2.15% 31oct2025,1774.0
2022-10-31,Spain OBL 1.45% 31oct2027,3696.0
2022-10-31,Spain OBL 2.35% 30jul2033,1190.0
2022-10-31,Spain OBL 2.9% 31oct2046,1667.0
2022-11-01,USA Notes 2.625% 31mar2025,7633.0
2022-11-01,USA Notes 1.25% 31dec2026,5246.0
2022-11-01,USA Notes 0.625% 31dec2027,8385.0
2022-11-01,USA Bonds 3.25% 15may2042,2006.0
2022-11-01,USA Bonds 3% 15aug2052,2015.0
2022-11-01,Freddie Mac 0.375% 23sep2025,1278.0
2022-11-01,New South Wales Treasury Corp 3% 20may2027,1256.0
2022-11-01,Western Australian Treasury Corporation (WATC) 3.25% 20jul2028,2039.0
2022-11-01,New South Wales Treasury Corp 2.25% 7may2041,848.0
2022-11-01,Belgium OLO 3.75% 22jun2045,903.0
2022-11-01,Japan JGB 0.4% 20sep2025,3666.0
2022-11-01,Japan JGB 0.1% 20sep2027,5079.0
2022-11-01,Japan JGB 0.1% 20jun2031,5328.0
2022-11-01,Japan JGB 1% 20dec2035,2870.0
2022-11-01,Japan JGB 1.7% 20sep2044,3785.0
2022-11-01,Spain OBL 3.8% 30apr2024,2128.0
2022-11-01,Spain OBL 2.15% 31oct2025,1774.0
2022-11-01,Spain OBL 1.45% 31oct2027,3697.0
2022-11-01,Spain OBL 2.35% 30jul2033,1190.0
2022-11-01,Spain OBL 2.9% 31oct2046,1669.0
2022-11-02,USA Notes 2.625% 31mar2025,7633.0
2022-11-02,USA Notes 1.25% 31dec2026,5246.0
2022-11-02,USA Notes 0.625% 31dec2027,8385.0
2022-11-02,USA Bonds 3.25% 15may2042,2005.0
2022-11-02,USA Bonds 3% 15aug2052,2014.0
2022-11-02,Freddie Mac 0.375% 23sep2025,1278.0
2022-11-02,New South Wales Treasury Corp 3% 20may2027,1256.0
2022-11-02,Western Australian Treasury Corporation (WATC) 3.25% 20jul2028,2039.0
2022-11-02,New South Wales Treasury Corp 2.25% 7may2041,848.0
2022-11-02,Belgium OLO 3.75% 22jun2045,903.0
2022-11-02,Japan JGB 0.4% 20sep2025,3666.0
2022-11-02,Japan JGB 0.1% 20sep2027,5079.0
2022-11-02,Japan JGB 0.1% 20jun2031,5328.0
2022-11-02,Japan JGB 1% 20dec2035,2869.0
2022-11-02,Japan JGB 1.7% 20sep2044,3783.0
2022-11-02,Spain OBL 3.8% 30apr2024,2128.0
2022-11-02,Spain OBL 2.15% 31oct2025,1774.0
2022-11-02,Spain OBL 1.45% 31oct2027,3697.0
2022-11-02,Spain OBL 2.35% 30jul2033,1190.0
2022-11-02,Spain OBL 2.9% 31oct2046,1669.0
2022-11-03,USA Notes 2.625% 31mar2025,7633.0
2022-11-03,USA Notes 1.25% 31dec2026,5246.0
2022-11-03,USA Notes 0.625% 31dec2027,8385.0
2022-11-03,USA Bonds 3.25% 15may2042,2005.0
2022-11-03,USA Bonds 3% 15aug2052,2014.0
2022-11-03,Freddie Mac 0.375% 23sep2025,1278.0
2022-11-03,New South Wales Treasury Corp 3% 20may2027,1256.0
2022-11-03,Western Australian Treasury Corporation (WATC) 3.25% 20jul2028,2040.0
2022-11-03,New South Wales Treasury Corp 2.25% 7may2041,849.0
2022-11-03,Belgium OLO 3.75% 22jun2045,903.0
2022-11-03,Japan JGB 0.4% 20sep2025,3666.0
2022-11-03,Japan JGB 0.1% 20sep2027,5079.0
2022-11-03,Japan JGB 0.1% 20jun2031,5328.0
2022-11-03,Japan JGB 1% 20dec2035,2870.0
2022-11-03,Japan JGB 1.7% 20sep2044,3786.0
2022-11-03,Spain OBL 3.8% 30apr2024,2128.0
2022-11-03,Spain OBL 2.15% 31oct2025,1774.0
2022-11-03,Spain OBL 1.45% 31oct2027,3697.0
2022-11-03,Spain OBL 2.35% 30jul2033,1190.0
2022-11-03,Spain OBL 2.9% 31oct2046,1669.0
2022-11-04,USA Notes 2.625% 31mar2025,7634.0
2022-11-04,USA Notes 1.25% 31dec2026,5248.0
2022-11-04,USA Notes 0.625% 31dec2027,8389.0
2022-11-04,USA Bonds 3.25% 15may2042,2007.0
2022-11-04,USA Bonds 3% 15aug2052,2015.0
2022-11-04,Freddie Mac 0.375% 23sep2025,1278.0
2022-11-04,New South Wales Treasury Corp 3% 20may2027,1256.0
2022-11-04,Western Australian Treasury Corporation (WATC) 3.25% 20jul2028,2040.0
2022-11-04,New South Wales Treasury Corp 2.25% 7may2041,849.0
2022-11-04,Belgium OLO 3.75% 22jun2045,904.0
2022-11-04,Japan JGB 0.4% 20sep2025,3666.0
2022-11-04,Japan JGB 0.1% 20sep2027,5079.0
2022-11-04,Japan JGB 0.1% 20jun2031,5328.0
2022-11-04,Japan JGB 1% 20dec2035,2870.0
2022-11-04,Japan JGB 1.7% 20sep2044,3786.0
2022-11-04,Spain OBL 3.8% 30apr2024,2128.0
2022-11-04,Spain OBL 2.15% 31oct2025,1774.0
2022-11-04,Spain OBL 1.45% 31oct2027,3698.0
2022-11-04,Spain OBL 2.35% 30jul2033,1191.0
2022-11-04,Spain OBL 2.9% 31oct2046,1670.0
2022-11-07,USA Notes 2.625% 31mar2025,7634.0
2022-11-07,USA Notes 1.25% 31dec2026,5247.0
2022-11-07,USA Notes 0.625% 31dec2027,8388.0
2022-11-07,USA Bonds 3.25% 15may2042,2007.0
2022-11-07,USA Bonds 3% 15aug2052,2016.0
2022-11-07,Freddie Mac 0.375% 23sep2025,1278.0
2022-11-07,New South Wales Treasury Corp 3% 20may2027,1256.0
2022-11-07,Western Australian Treasury Corporation (WATC) 3.25% 20jul2028,2039.0
2022-11-07,New South Wales Treasury Corp 2.25% 7may2041,849.0
2022-11-07,Belgium OLO 3.75% 22jun2045,904.0
2022-11-07,Japan JGB 0.4% 20sep2025,3666.0
2022-11-07,Japan JGB 0.1% 20sep2027,5079.0
2022-11-07,Japan JGB 0.1% 20jun2031,5328.0
2022-11-07,Japan JGB 1% 20dec2035,2870.0
2022-11-07,Japan JGB 1.7% 20sep2044,3788.0
2022-11-07,Spain OBL 3.8% 30apr2024,2128.0
2022-11-07,Spain OBL 2.15% 31oct2025,1774.0
2022-11-07,Spain OBL 1.45% 31oct2027,3699.0
2022-11-07,Spain OBL 2.35% 30jul2033,1191.0
2022-11-07,Spain OBL 2.9% 31oct2046,1670.0
2022-11-08,USA Notes 2.625% 31mar2025,7634.0
2022-11-08,USA Notes 1.25% 31dec2026,5248.0
2022-11-08,USA Notes 0.625% 31dec2027,8388.0
2022-11-08,USA Bonds 3.25% 15may2042,2008.0
2022-11-08,USA Bonds 3% 15aug2052,2017.0
2022-11-08,Freddie Mac 0.375% 23sep2025,1278.0
2022-11-08,New South Wales Treasury Corp 3% 20may2027,1256.0
2022-11-08,Western Australian Treasury Corporation (WATC) 3.25% 20jul2028,2040.0
2022-11-08,New South Wales Treasury Corp 2.25% 7may2041,849.0
2022-11-08,Belgium OLO 3.75% 22jun2045,904.0
2022-11-08,Japan JGB 0.4% 20sep2025,3666.0
2022-11-08,Japan JGB 0.1% 20sep2027,5079.0
2022-11-08,Japan JGB 0.1% 20jun2031,5328.0
2022-11-08,Japan JGB 1% 20dec2035,2871.0
2022-11-08,Japan JGB 1.7% 20sep2044,3790.0
2022-11-08,Spain OBL 3.8% 30apr2024,2128.0
2022-11-08,Spain OBL 2.15% 31oct2025,1775.0
2022-11-08,Spain OBL 1.45% 31oct2027,3699.0
2022-11-08,Spain OBL 2.35% 30jul2033,1191.0
2022-11-08,Spain OBL 2.9% 31oct2046,1670.0
2022-11-09,USA Notes 2.625% 31mar2025,7635.0
2022-11-09,USA Notes 1.25% 31dec2026,5247.0
2022-11-09,USA Notes 0.625% 31dec2027,8387.0
2022-11-09,USA Bonds 3.25% 15may2042,2008.0
2022-11-09,USA Bonds 3% 15aug2052,2017.0
2022-11-09,Freddie Mac 0.375% 23sep2025,1278.0
2022-11-09,New South Wales Treasury Corp 3% 20may2027,1256.0
2022-11-09,Western Australian Treasury Corporation (WATC) 3.25% 20jul2028,2040.0
2022-11-09,New South Wales Treasury Corp 2.25% 7may2041,849.0
2022-11-09,Belgium OLO 3.75% 22jun2045,903.0
2022-11-09,Japan JGB 0.4% 20sep2025,3666.0
2022-11-09,Japan JGB 0.1% 20sep2027,5079.0
2022-11-09,Japan JGB 0.1% 20jun2031,5328.0
2022-11-09,Japan JGB 1% 20dec2035,2871.0
2022-11-09,Japan JGB 1.7% 20sep2044,3791.0
2022-11-09,Spain OBL 3.8% 30apr2024,2128.0
2022-11-09,Spain OBL 2.15% 31oct2025,1775.0
2022-11-09,Spain OBL 1.45% 31oct2027,3699.0
2022-11-09,Spain OBL 2.35% 30jul2033,1190.0
2022-11-09,Spain OBL 2.9% 31oct2046,1669.0
2022-11-10,USA Notes 2.625% 31mar2025,7634.0
2022-11-10,USA Notes 1.25% 31dec2026,5247.0
2022-11-10,USA Notes 0.625% 31dec2027,8385.0
2022-11-10,USA Bonds 3.25% 15may2042,2007.0
2022-11-10,USA Bonds 3% 15aug2052,2016.0
2022-11-10,Freddie Mac 0.375% 23sep2025,1278.0
2022-11-10,New South Wales Treasury Corp 3% 20may2027,1256.0
2022-11-10,Western Australian Treasury Corporation (WATC) 3.25% 20jul2028,2039.0
2022-11-10,New South Wales Treasury Corp 2.25% 7may2041,849.0
2022-11-10,Belgium OLO 3.75% 22jun2045,903.0
2022-11-10,Japan JGB 0.4% 20sep2025,3666.0
2022-11-10,Japan JGB 0.1% 20sep2027,5079.0
2022-11-10,Japan JGB 0.1% 20jun2031,5328.0
2022-11-10,Japan JGB 1% 20dec2035,2871.0
2022-11-10,Japan JGB 1.7% 20sep2044,3793.0
2022-11-10,Spain OBL 3.8% 30apr2024,2128.0
2022-11-10,Spain OBL 2.15% 31oct2025,1774.0
2022-11-10,Spain OBL 1.45% 31oct2027,3698.0
2022-11-10,Spain OBL 2.35% 30jul2033,1190.0
2022-11-10,Spain OBL 2.9% 31oct2046,1668.0
2022-11-11,USA Notes 2.625% 31mar2025,7631.0
2022-11-11,USA Notes 1.25% 31dec2026,5243.0
2022-11-11,USA Notes 0.625% 31dec2027,8377.0
2022-11-11,USA Bonds 3.25% 15may2042,2004.0
2022-11-11,USA Bonds 3% 15aug2052,2014.0
2022-11-11,Freddie Mac 0.375% 23sep2025,1277.0
2022-11-11,New South Wales Treasury Corp 3% 20may2027,1255.0
2022-11-11,Western Australian Treasury Corporation (WATC) 3.25% 20jul2028,2038.0
2022-11-11,New South Wales Treasury Corp 2.25% 7may2041,848.0
2022-11-11,Belgium OLO 3.75% 22jun2045,901.0
2022-11-11,Japan JGB 0.4% 20sep2025,3666.0
2022-11-11,Japan JGB 0.1% 20sep2027,5079.0
2022-11-11,Japan JGB 0.1% 20jun2031,5328.0
2022-11-11,Japan JGB 1% 20dec2035,2870.0
2022-11-11,Japan JGB 1.7% 20sep2044,3789.0
2022-11-11,Spain OBL 3.8% 30apr2024,2128.0
2022-11-11,Spain OBL 2.15% 31oct2025,1774.0
2022-11-11,Spain OBL 1.45% 31oct2027,3696.0
2022-11-11,Spain OBL 2.35% 30jul2033,1189.0
2022-11-11,Spain OBL 2.9% 31oct2046,1665.0
2022-11-14,USA Notes 2.625% 31mar2025,7631.0
2022-11-14,USA Notes 1.25% 31dec2026,5243.0
2022-11-14,USA Notes 0.625% 31dec2027,8376.0
2022-11-14,USA Bonds 3.25% 15may2042,2003.0
2022-11-14,USA Bonds 3% 15aug2052,2013.0
2022-11-14,Freddie Mac 0.375% 23sep2025,1277.0
2022-11-14,New South Wales Treasury Corp 3% 20may2027,1256.0
2022-11-14,Western Australian Treasury Corporation (WATC) 3.25% 20jul2028,2038.0
2022-11-14,New South Wales Treasury Corp 2.25% 7may2041,848.0
2022-11-14,Belgium OLO 3.75% 22jun2045,903.0
2022-11-14,Japan JGB 0.4% 20sep2025,3666.0
2022-11-14,Japan JGB 0.1% 20sep2027,5079.0
2022-11-14,Japan JGB 0.1% 20jun2031,5328.0
2022-11-14,Japan JGB 1% 20dec2035,2870.0
2022-11-14,Japan JGB 1.7% 20sep2044,3789.0
2022-11-14,Spain OBL 3.8% 30apr2024,2128.0
2022-11-14,Spain OBL 2.15% 31oct2025,1774.0
2022-11-14,Spain OBL 1.45% 31oct2027,3698.0
2022-11-14,Spain OBL 2.35% 30jul2033,1190.0
2022-11-14,Spain OBL 2.9% 31oct2046,1668.0
2022-11-15,USA Notes 2.625% 31mar2025,7632.0
2022-11-15,USA Notes 1.25% 31dec2026,5244.0
2022-11-15,USA Notes 0.625% 31dec2027,8378.0
2022-11-15,USA Bonds 3.25% 15may2042,2004.0
2022-11-15,USA Bonds 3% 15aug2052,2014.0
2022-11-15,Freddie Mac 0.375% 23sep2025,1277.0
2022-11-15,New South Wales Treasury Corp 3% 20may2027,1256.0
2022-11-15,Western Australian Treasury Corporation (WATC) 3.25% 20jul2028,2039.0
2022-11-15,New South Wales Treasury Corp 2.25% 7may2041,848.0
2022-11-15,Belgium OLO 3.75% 22jun2045,903.0
2022-11-15,Japan JGB 0.4% 20sep2025,3666.0
2022-11-15,Japan JGB 0.1% 20sep2027,5079.0
2022-11-15,Japan JGB 0.1% 20jun2031,5328.0
2022-11-15,Japan JGB 1% 20dec2035,2869.0
2022-11-15,Japan JGB 1.7% 20sep2044,3784.0
2022-11-15,Spain OBL 3.8% 30apr2024,2128.0
2022-11-15,Spain OBL 2.15% 31oct2025,1774.0
2022-11-15,Spain OBL 1.45% 31oct2027,3697.0
2022-11-15,Spain OBL 2.35% 30jul2033,1190.0
2022-11-15,Spain OBL 2.9% 31oct2046,1668.0
2022-11-16,USA Notes 2.625% 31mar2025,7631.0
2022-11-16,USA Notes 1.25% 31dec2026,5243.0
2022-11-16,USA Notes 0.625% 31dec2027,8375.0
2022-11-16,USA Bonds 3.25% 15may2042,2003.0
2022-11-16,USA Bonds 3% 15aug2052,2012.0
2022-11-16,Freddie Mac 0.375% 23sep2025,1277.0
2022-11-16,New South Wales Treasury Corp 3% 20may2027,1256.0
2022-11-16,Western Australian Treasury Corporation (WATC) 3.25% 20jul2028,2038.0
2022-11-16,New South Wales Treasury Corp 2.25% 7may2041,848.0
2022-11-16,Belgium OLO 3.75% 22jun2045,902.0
2022-11-16,Japan JGB 0.4% 20sep2025,3666.0
2022-11-16,Japan JGB 0.1% 20sep2027,5079.0
2022-11-16,Japan JGB 0.1% 20jun2031,5328.0
2022-11-16,Japan JGB 1% 20dec2035,2870.0
2022-11-16,Japan JGB 1.7% 20sep2044,3787.0
2022-11-16,Spain OBL 3.8% 30apr2024,2128.0
2022-11-16,Spain OBL 2.15% 31oct2025,1774.0
2022-11-16,Spain OBL 1.45% 31oct2027,3697.0
2022-11-16,Spain OBL 2.35% 30jul2033,1189.0
2022-11-16,Spain OBL 2.9% 31oct2046,1667.0
2022-11-17,USA Notes 2.625% 31mar2025,7631.0
2022-11-17,USA Notes 1.25% 31dec2026,5242.0
2022-11-17,USA Notes 0.625% 31dec2027,8374.0
2022-11-17,USA Bonds 3.25% 15may2042,2001.0
2022-11-17,USA Bonds 3% 15aug2052,2011.0
2022-11-17,Freddie Mac 0.375% 23sep2025,1277.0
2022-11-17,New South Wales Treasury Corp 3% 20may2027,1255.0
2022-11-17,Western Australian Treasury Corporation (WATC) 3.25% 20jul2028,2038.0
2022-11-17,New South Wales Treasury Corp 2.25% 7may2041,848.0
2022-11-17,Belgium OLO 3.75% 22jun2045,901.0
2022-11-17,Japan JGB 0.4% 20sep2025,3666.0
2022-11-17,Japan JGB 0.1% 20sep2027,5079.0
2022-11-17,Japan JGB 0.1% 20jun2031,5328.0
2022-11-17,Japan JGB 1% 20dec2035,2870.0
2022-11-17,Japan JGB 1.7% 20sep2044,3785.0
2022-11-17,Spain OBL 3.8% 30apr2024,2128.0
2022-11-17,Spain OBL 2.15% 31oct2025,1774.0
2022-11-17,Spain OBL 1.45% 31oct2027,3696.0
2022-11-17,Spain OBL 2.35% 30jul2033,1189.0
2022-11-17,Spain OBL 2.9% 31oct2046,1665.0
2022-11-18,USA Notes 2.625% 31mar2025,7632.0
2022-11-18,USA Notes 1.25% 31dec2026,5243.0
2022-11-18,USA Notes 0.625% 31dec2027,8376.0
2022-11-18,USA Bonds 3.25% 15may2042,2001.0
2022-11-18,USA Bonds 3% 15aug2052,2011.0
2022-11-18,Freddie Mac 0.375% 23sep2025,1277.0
2022-11-18,New South Wales Treasury Corp 3% 20may2027,1255.0
2022-11-18,Western Australian Treasury Corporation (WATC) 3.25% 20jul2028,2038.0
2022-11-18,New South Wales Treasury Corp 2.25% 7may2041,848.0
2022-11-18,Belgium OLO 3.75% 22jun2045,901.0
2022-11-18,Japan JGB 0.4% 20sep2025,3666.0
2022-11-18,Japan JGB 0.1% 20sep2027,5079.0
2022-11-18,Japan JGB 0.1% 20jun2031,5328.0
2022-11-18,Japan JGB 1% 20dec2035,2870.0
2022-11-18,Japan JGB 1.7% 20sep2044,3784.0
2022-11-18,Spain OBL 3.8% 30apr2024,2128.0
2022-11-18,Spain OBL 2.15% 31oct2025,1774.0
2022-11-18,Spain OBL 1.45% 31oct2027,3696.0
2022-11-18,Spain OBL 2.35% 30jul2033,1189.0
2022-11-18,Spain OBL 2.9% 31oct2046,1665.0
2022-11-21,USA Notes 2.625% 31mar2025,7632.0
2022-11-21,USA Notes 1.25% 31dec2026,5243.0
2022-11-21,USA Notes 0.625% 31dec2027,8376.0
2022-11-21,USA Bonds 3.25% 15may2042,2002.0
2022-11-21,USA Bonds 3% 15aug2052,2011.0
2022-11-21,Freddie Mac 0.375% 23sep2025,1277.0
2022-11-21,New South Wales Treasury Corp 3% 20may2027,1255.0
2022-11-21,Western Australian Treasury Corporation (WATC) 3.25% 20jul2028,2037.0
2022-11-21,New South Wales Treasury Corp 2.25% 7may2041,848.0
2022-11-21,Belgium OLO 3.75% 22jun2045,901.0
2022-11-21,Japan JGB 0.4% 20sep2025,3666.0
2022-11-21,Japan JGB 0.1% 20sep2027,5079.0
2022-11-21,Japan JGB 0.1% 20jun2031,5328.0
2022-11-21,Japan JGB 1% 20dec2035,2870.0
2022-11-21,Japan JGB 1.7% 20sep2044,3783.0
2022-11-21,Spain OBL 3.8% 30apr2024,2128.0
2022-11-21,Spain OBL 2.15% 31oct2025,1774.0
2022-11-21,Spain OBL 1.45% 31oct2027,3696.0
2022-11-21,Spain OBL 2.35% 30jul2033,1189.0
2022-11-21,Spain OBL 2.9% 31oct2046,1665.0
2022-11-22,USA Notes 2.625% 31mar2025,7632.0
2022-11-22,USA Notes 1.25% 31dec2026,5243.0
2022-11-22,USA Notes 0.625% 31dec2027,8376.0
2022-11-22,USA Bonds 3.25% 15may2042,2001.0
2022-11-22,USA Bonds 3% 15aug2052,2011.0
2022-11-22,Freddie Mac 0.375% 23sep2025,1277.0
2022-11-22,New South Wales Treasury Corp 3% 20may2027,1255.0
2022-11-22,Western Australian Treasury Corporation (WATC) 3.25% 20jul2028,2037.0
2022-11-22,New South Wales Treasury Corp 2.25% 7may2041,848.0
2022-11-22,Belgium OLO 3.75% 22jun2045,900.0
2022-11-22,Japan JGB 0.4% 20sep2025,3666.0
2022-11-22,Japan JGB 0.1% 20sep2027,5079.0
2022-11-22,Japan JGB 0.1% 20jun2031,5328.0
2022-11-22,Japan JGB 1% 20dec2035,2870.0
2022-11-22,Japan JGB 1.7% 20sep2044,3784.0
2022-11-22,Spain OBL 3.8% 30apr2024,2128.0
2022-11-22,Spain OBL 2.15% 31oct2025,1774.0
2022-11-22,Spain OBL 1.45% 31oct2027,3696.0
2022-11-22,Spain OBL 2.35% 30jul2033,1189.0
2022-11-22,Spain OBL 2.9% 31oct2046,1664.0
2022-11-23,USA Notes 2.625% 31mar2025,7632.0
2022-11-23,USA Notes 1.25% 31dec2026,5243.0
2022-11-23,USA Notes 0.625% 31dec2027,8376.0
2022-11-23,USA Bonds 3.25% 15may2042,2001.0
2022-11-23,USA Bonds 3% 15aug2052,2011.0
2022-11-23,Freddie Mac 0.375% 23sep2025,1277.0
2022-11-23,New South Wales Treasury Corp 3% 20may2027,1255.0
2022-11-23,Western Australian Treasury Corporation (WATC) 3.25% 20jul2028,2037.0
2022-11-23,New South Wales Treasury Corp 2.25% 7may2041,847.0
2022-11-23,Belgium OLO 3.75% 22jun2045,900.0
2022-11-23,Japan JGB 0.4% 20sep2025,3666.0
2022-11-23,Japan JGB 0.1% 20sep2027,5079.0
2022-11-23,Japan JGB 0.1% 20jun2031,5328.0
2022-11-23,Japan JGB 1% 20dec2035,2870.0
2022-11-23,Japan JGB 1.7% 20sep2044,3785.0
2022-11-23,Spain OBL 3.8% 30apr2024,2128.0
2022-11-23,Spain OBL 2.15% 31oct2025,1774.0
2022-11-23,Spain OBL 1.45% 31oct2027,3696.0
2022-11-23,Spain OBL 2.35% 30jul2033,1189.0
2022-11-23,Spain OBL 2.9% 31oct2046,1664.0
2022-11-25,USA Notes 2.625% 31mar2025,7632.0
2022-11-25,USA Notes 1.25% 31dec2026,5243.0
2022-11-25,USA Notes 0.625% 31dec2027,8375.0
2022-11-25,USA Bonds 3.25% 15may2042,1999.0
2022-11-25,USA Bonds 3% 15aug2052,2009.0
2022-11-25,Freddie Mac 0.375% 23sep2025,1277.0
2022-11-25,New South Wales Treasury Corp 3% 20may2027,1255.0
2022-11-25,Western Australian Treasury Corporation (WATC) 3.25% 20jul2028,2037.0
2022-11-25,New South Wales Treasury Corp 2.25% 7may2041,847.0
2022-11-25,Belgium OLO 3.75% 22jun2045,899.0
2022-11-25,Japan JGB 0.4% 20sep2025,3666.0
2022-11-25,Japan JGB 0.1% 20sep2027,5079.0
2022-11-25,Japan JGB 0.1% 20jun2031,5328.0
2022-11-25,Japan JGB 1% 20dec2035,2870.0
2022-11-25,Japan JGB 1.7% 20sep2044,3785.0
2022-11-25,Spain OBL 3.8% 30apr2024,2128.0
2022-11-25,Spain OBL 2.15% 31oct2025,1774.0
2022-11-25,Spain OBL 1.45% 31oct2027,3695.0
2022-11-25,Spain OBL 2.35% 30jul2033,1188.0
2022-11-25,Spain OBL 2.9% 31oct2046,1662.0
2022-11-28,USA Notes 2.625% 31mar2025,7632.0
2022-11-28,USA Notes 1.25% 31dec2026,5243.0
2022-11-28,USA Notes 0.625% 31dec2027,8375.0
2022-11-28,USA Bonds 3.25% 15may2042,1999.0
2022-11-28,USA Bonds 3% 15aug2052,2009.0
2022-11-28,Freddie Mac 0.375% 23sep2025,1277.0
2022-11-28,New South Wales Treasury Corp 3% 20may2027,1256.0
2022-11-28,Western Australian Treasury Corporation (WATC) 3.25% 20jul2028,2038.0
2022-11-28,New South Wales Treasury Corp 2.25% 7may2041,848.0
2022-11-28,Belgium OLO 3.75% 22jun2045,899.0
2022-11-28,Japan JGB 0.4% 20sep2025,3666.0
2022-11-28,Japan JGB 0.1% 20sep2027,5079.0
2022-11-28,Japan JGB 0.1% 20jun2031,5328.0
2022-11-28,Japan JGB 1% 20dec2035,2870.0
2022-11-28,Japan JGB 1.7% 20sep2044,3785.0
2022-11-28,Spain OBL 3.8% 30apr2024,2128.0
2022-11-28,Spain OBL 2.15% 31oct2025,1774.0
2022-11-28,Spain OBL 1.45% 31oct2027,3696.0
2022-11-28,Spain OBL 2.35% 30jul2033,1189.0
2022-11-28,Spain OBL 2.9% 31oct2046,1663.0
2022-11-29,USA Notes 2.625% 31mar2025,7631.0
2022-11-29,USA Notes 1.25% 31dec2026,5243.0
2022-11-29,USA Notes 0.625% 31dec2027,8374.0
2022-11-29,USA Bonds 3.25% 15may2042,1999.0
2022-11-29,USA Bonds 3% 15aug2052,2009.0
2022-11-29,Freddie Mac 0.375% 23sep2025,1277.0
2022-11-29,New South Wales Treasury Corp 3% 20may2027,1255.0
2022-11-29,Western Australian Treasury Corporation (WATC) 3.25% 20jul2028,2037.0
2022-11-29,New South Wales Treasury Corp 2.25% 7may2041,847.0
2022-11-29,Belgium OLO 3.75% 22jun2045,899.0
2022-11-29,Japan JGB 0.4% 20sep2025,3666.0
2022-11-29,Japan JGB 0.1% 20sep2027,5080.0
2022-11-29,Japan JGB 0.1% 20jun2031,5328.0
2022-11-29,Japan JGB 1% 20dec2035,2870.0
2022-11-29,Japan JGB 1.7% 20sep2044,3787.0
2022-11-29,Spain OBL 3.8% 30apr2024,2128.0
2022-11-29,Spain OBL 2.15% 31oct2025,1774.0
2022-11-29,Spain OBL 1.45% 31oct2027,3696.0
2022-11-29,Spain OBL 2.35% 30jul2033,1189.0
2022-11-29,Spain OBL 2.9% 31oct2046,1663.0
2022-11-30,USA Notes 2.625% 31mar2025,7631.0
2022-11-30,USA Notes 1.25% 31dec2026,5243.0
2022-11-30,USA Notes 0.625% 31dec2027,8374.0
2022-11-30,USA Bonds 3.25% 15may2042,1999.0
2022-11-30,USA Bonds 3% 15aug2052,2009.0
2022-11-30,Freddie Mac 0.375% 23sep2025,1277.0
2022-11-30,New South Wales Treasury Corp 3% 20may2027,1255.0
2022-11-30,Western Australian Treasury Corporation (WATC) 3.25% 20jul2028,2037.0
2022-11-30,New South Wales Treasury Corp 2.25% 7may2041,848.0
2022-11-30,Belgium OLO 3.75% 22jun2045,898.0
2022-11-30,Japan JGB 0.4% 20sep2025,3666.0
2022-11-30,Japan JGB 0.1% 20sep2027,5080.0
2022-11-30,Japan JGB 0.1% 20jun2031,5328.0
2022-11-30,Japan JGB 1% 20dec2035,2871.0
2022-11-30,Japan JGB 1.7% 20sep2044,3787.0
2022-11-30,Spain OBL 3.8% 30apr2024,2128.0
2022-11-30,Spain OBL 2.15% 31oct2025,1774.0
2022-11-30,Spain OBL 1.45% 31oct2027,3695.0
2022-11-30,Spain OBL 2.35% 30jul2033,1188.0
2022-11-30,Spain OBL 2.9% 31oct2046,1663.0
2022-12-01,USA Notes 2.625% 31mar2025,7632.0
2022-12-01,USA Notes 1.25% 31dec2026,5244.0
2022-12-01,USA Notes 0.625% 31dec2027,8377.0
2022-12-01,USA Bonds 3.25% 15may2042,2000.0
2022-12-01,USA Bonds 3% 15aug2052,2010.0
2022-12-01,Freddie Mac 0.375% 23sep2025,1277.0
2022-12-01,New South Wales Treasury Corp 3% 20may2027,1255.0
2022-12-01,Western Australian Treasury Corporation (WATC) 3.25% 20jul2028,2037.0
2022-12-01,New South Wales Treasury Corp 2.25% 7may2041,847.0
2022-12-01,Belgium OLO 3.75% 22jun2045,898.0
2022-12-01,Japan JGB 0.4% 20sep2025,3666.0
2022-12-01,Japan JGB 0.1% 20sep2027,5080.0
2022-12-01,Japan JGB 0.1% 20jun2031,5328.0
2022-12-01,Japan JGB 1% 20dec2035,2871.0
2022-12-01,Japan JGB 1.7% 20sep2044,3789.0
2022-12-01,Spain OBL 3.8% 30apr2024,2128.0
2022-12-01,Spain OBL 2.15% 31oct2025,1774.0
2022-12-01,Spain OBL 1.45% 31oct2027,3696.0
2022-12-01,Spain OBL 2.35% 30jul2033,1189.0
2022-12-01,Spain OBL 2.9% 31oct2046,1663.0
2022-12-02,USA Notes 2.625% 31mar2025,7630.0
2022-12-02,USA Notes 1.25% 31dec2026,5241.0
2022-12-02,USA Notes 0.625% 31dec2027,8370.0
2022-12-02,USA Bonds 3.25% 15may2042,1998.0
2022-12-02,USA Bonds 3% 15aug2052,2008.0
2022-12-02,Freddie Mac 0.375% 23sep2025,1277.0
2022-12-02,New South Wales Treasury Corp 3% 20may2027,1255.0
2022-12-02,Western Australian Treasury Corporation (WATC) 3.25% 20jul2028,2036.0
2022-12-02,New South Wales Treasury Corp 2.25% 7may2041,847.0
2022-12-02,Belgium OLO 3.75% 22jun2045,897.0
2022-12-02,Japan JGB 0.4% 20sep2025,3666.0
2022-12-02,Japan JGB 0.1% 20sep2027,5080.0
2022-12-02,Japan JGB 0.1% 20jun2031,5328.0
2022-12-02,Japan JGB 1% 20dec2035,2871.0
2022-12-02,Japan JGB 1.7% 20sep2044,3789.0
2022-12-02,Spain OBL 3.8% 30apr2024,2128.0
2022-12-02,Spain OBL 2.15% 31oct2025,1774.0
2022-12-02,Spain OBL 1.45% 31oct2027,3695.0
2022-12-02,Spain OBL 2.35% 30jul2033,1188.0
2022-12-02,Spain OBL 2.9% 31oct2046,1662.0
2022-12-05,USA Notes 2.625% 31mar2025,7630.0
2022-12-05,USA Notes 1.25% 31dec2026,5241.0
2022-12-05,USA Notes 0.625% 31dec2027,8370.0
2022-12-05,USA Bonds 3.25% 15may2042,1997.0
2022-12-05,USA Bonds 3% 15aug2052,2007.0
2022-12-05,Freddie Mac 0.375% 23sep2025,1277.0
2022-12-05,New South Wales Treasury Corp 3% 20may2027,1255.0
2022-12-05,Western Australian Treasury Corporation (WATC) 3.25% 20jul2028,2036.0
2022-12-05,New South Wales Treasury Corp 2.25% 7may2041,846.0
2022-12-05,Belgium OLO 3.75% 22jun2045,897.0
2022-12-05,Japan JGB 0.4% 20sep2025,3666.0
2022-12-05,Japan JGB 0.1% 20sep2027,5080.0
2022-12-05,Japan JGB 0.1% 20jun2031,5328.0
2022-12-05,Japan JGB 1% 20dec2035,2870.0
2022-12-05,Japan JGB 1.7% 20sep2044,3788.0
2022-12-05,Spain OBL 3.8% 30apr2024,2128.0
2022-12-05,Spain OBL 2.15% 31oct2025,1774.0
2022-12-05,Spain OBL 1.45% 31oct2027,3695.0
2022-12-05,Spain OBL 2.35% 30jul2033,1188.0
2022-12-05,Spain OBL 2.9% 31oct2046,1662.0
2022-12-06,USA Notes 2.625% 31mar2025,7630.0
2022-12-06,USA Notes 1.25% 31dec2026,5241.0
2022-12-06,USA Notes 0.625% 31dec2027,8370.0
2022-12-06,USA Bonds 3.25% 15may2042,1996.0
2022-12-06,USA Bonds 3% 15aug2052,2006.0
2022-12-06,Freddie Mac 0.375% 23sep2025,1277.0
2022-12-06,New South Wales Treasury Corp 3% 20may2027,1255.0
2022-12-06,Western Australian Treasury Corporation (WATC) 3.25% 20jul2028,2036.0
2022-12-06,New South Wales Treasury Corp 2.25% 7may2041,846.0
2022-12-06,Belgium OLO 3.75% 22jun2045,897.0
2022-12-06,Japan JGB 0.4% 20sep2025,3666.0
2022-12-06,Japan JGB 0.1% 20sep2027,5080.0
2022-12-06,Japan JGB 0.1% 20jun2031,5328.0
2022-12-06,Japan JGB 1% 20dec2035,2870.0
2022-12-06,Japan JGB 1.7% 20sep2044,3787.0
2022-12-06,Spain OBL 3.8% 30apr2024,2128.0
2022-12-06,Spain OBL 2.15% 31oct2025,1774.0
2022-12-06,Spain OBL 1.45% 31oct2027,3695.0
2022-12-06,Spain OBL 2.35% 30jul2033,1188.0
2022-12-06,Spain OBL 2.9% 31oct2046,1662.0
2022-12-07,USA Notes 2.625% 31mar2025,7631.0
2022-12-07,USA Notes 1.25% 31dec2026,5241.0
2022-12-07,USA Notes 0.625% 31dec2027,8370.0
2022-12-07,USA Bonds 3.25% 15may2042,1996.0
2022-12-07,USA Bonds 3% 15aug2052,2006.0
2022-12-07,Freddie Mac 0.375% 23sep2025,1277.0
2022-12-07,New South Wales Treasury Corp 3% 20may2027,1255.0
2022-12-07,Western Australian Treasury Corporation (WATC) 3.25% 20jul2028,2036.0
2022-12-07,New South Wales Treasury Corp 2.25% 7may2041,846.0
2022-12-07,Belgium OLO 3.75% 22jun2045,897.0
2022-12-07,Japan JGB 0.4% 20sep2025,3666.0
2022-12-07,Japan JGB 0.1% 20sep2027,5080.0
2022-12-07,Japan JGB 0.1% 20jun2031,5329.0
2022-12-07,Japan JGB 1% 20dec2035,2871.0
2022-12-07,Japan JGB 1.7% 20sep2044,3787.0
2022-12-07,Spain OBL 3.8% 30apr2024,2128.0
2022-12-07,Spain OBL 2.15% 31oct2025,1774.0
2022-12-07,Spain OBL 1.45% 31oct2027,3694.0
2022-12-07,Spain OBL 2.35% 30jul2033,1188.0
2022-12-07,Spain OBL 2.9% 31oct2046,1661.0
2022-12-08,USA Notes 2.625% 31mar2025,7630.0
2022-12-08,USA Notes 1.25% 31dec2026,5240.0
2022-12-08,USA Notes 0.625% 31dec2027,8368.0
2022-12-08,USA Bonds 3.25% 15may2042,1994.0
2022-12-08,USA Bonds 3% 15aug2052,2004.0
2022-12-08,Freddie Mac 0.375% 23sep2025,1277.0
2022-12-08,New South Wales Treasury Corp 3% 20may2027,1255.0
2022-12-08,Western Australian Treasury Corporation (WATC) 3.25% 20jul2028,2036.0
2022-12-08,New South Wales Treasury Corp 2.25% 7may2041,846.0
2022-12-08,Belgium OLO 3.75% 22jun2045,897.0
2022-12-08,Japan JGB 0.4% 20sep2025,3667.0
2022-12-08,Japan JGB 0.1% 20sep2027,5080.0
2022-12-08,Japan JGB 0.1% 20jun2031,5329.0
2022-12-08,Japan JGB 1% 20dec2035,2871.0
2022-12-08,Japan JGB 1.7% 20sep2044,3788.0
2022-12-08,Spain OBL 3.8% 30apr2024,2128.0
2022-12-08,Spain OBL 2.15% 31oct2025,1774.0
2022-12-08,Spain OBL 1.45% 31oct2027,3694.0
2022-12-08,Spain OBL 2.35% 30jul2033,1188.0
2022-12-08,Spain OBL 2.9% 31oct2046,1661.0
2022-12-09,USA Notes 2.625% 31mar2025,7630.0
2022-12-09,USA Notes 1.25% 31dec2026,5240.0
2022-12-09,USA Notes 0.625% 31dec2027,8368.0
2022-12-09,USA Bonds 3.25% 15may2042,1994.0
2022-12-09,USA Bonds 3% 15aug2052,2004.0
2022-12-09,Freddie Mac 0.375% 23sep2025,1277.0
2022-12-09,New South Wales Treasury Corp 3% 20may2027,1255.0
2022-12-09,Western Australian Treasury Corporation (WATC) 3.25% 20jul2028,2036.0
2022-12-09,New South Wales Treasury Corp 2.25% 7may2041,846.0
2022-12-09,Belgium OLO 3.75% 22jun2045,897.0
2022-12-09,Japan JGB 0.4% 20sep2025,3667.0
2022-12-09,Japan JGB 0.1% 20sep2027,5080.0
2022-12-09,Japan JGB 0.1% 20jun2031,5328.0
2022-12-09,Japan JGB 1% 20dec2035,2871.0
2022-12-09,Japan JGB 1.7% 20sep2044,3786.0
2022-12-09,Spain OBL 3.8% 30apr2024,2128.0
2022-12-09,Spain OBL 2.15% 31oct2025,1774.0
2022-12-09,Spain OBL 1.45% 31oct2027,3695.0
2022-12-09,Spain OBL 2.35% 30jul2033,1188.0
2022-12-09,Spain OBL 2.9% 31oct2046,1661.0
2022-12-12,USA Notes 2.625% 31mar2025,7630.0
2022-12-12,USA Notes 1.25% 31dec2026,5241.0
2022-12-12,USA Notes 0.625% 31dec2027,8369.0
2022-12-12,USA Bonds 3.25% 15may2042,1996.0
2022-12-12,USA Bonds 3% 15aug2052,2005.0
2022-12-12,Freddie Mac 0.375% 23sep2025,1277.0
2022-12-12,New South Wales Treasury Corp 3% 20may2027,1255.0
2022-12-12,Western Australian Treasury Corporation (WATC) 3.25% 20jul2028,2036.0
2022-12-12,New South Wales Treasury Corp 2.25% 7may2041,846.0
2022-12-12,Belgium OLO 3.75% 22jun2045,898.0
2022-12-12,Japan JGB 0.4% 20sep2025,3667.0
2022-12-12,Japan JGB 0.1% 20sep2027,5080.0
2022-12-12,Japan JGB 0.1% 20jun2031,5328.0
2022-12-12,Japan JGB 1% 20dec2035,2870.0
2022-12-12,Japan JGB 1.7% 20sep2044,3786.0
2022-12-12,Spain OBL 3.8% 30apr2024,2128.0
2022-12-12,Spain OBL 2.15% 31oct2025,1774.0
2022-12-12,Spain OBL 1.45% 31oct2027,3696.0
2022-12-12,Spain OBL 2.35% 30jul2033,1189.0
2022-12-12,Spain OBL 2.9% 31oct2046,1663.0
2022-12-13,USA Notes 2.625% 31mar2025,7631.0
2022-12-13,USA Notes 1.25% 31dec2026,5241.0
2022-12-13,USA Notes 0.625% 31dec2027,8370.0
2022-12-13,USA Bonds 3.25% 15may2042,1996.0
2022-12-13,USA Bonds 3% 15aug2052,2005.0
2022-12-13,Freddie Mac 0.375% 23sep2025,1277.0
2022-12-13,New South Wales Treasury Corp 3% 20may2027,1255.0
2022-12-13,Western Australian Treasury Corporation (WATC) 3.25% 20jul2028,2036.0
2022-12-13,New South Wales Treasury Corp 2.25% 7may2041,846.0
2022-12-13,Belgium OLO 3.75% 22jun2045,898.0
2022-12-13,Japan JGB 0.4% 20sep2025,3667.0
2022-12-13,Japan JGB 0.1% 20sep2027,5080.0
2022-12-13,Japan JGB 0.1% 20jun2031,5328.0
2022-12-13,Japan JGB 1% 20dec2035,2870.0
2022-12-13,Japan JGB 1.7% 20sep2044,3784.0
2022-12-13,Spain OBL 3.8% 30apr2024,2128.0
2022-12-13,Spain OBL 2.15% 31oct2025,1774.0
2022-12-13,Spain OBL 1.45% 31oct2027,3696.0
2022-12-13,Spain OBL 2.35% 30jul2033,1189.0
2022-12-13,Spain OBL 2.9% 31oct2046,1662.0
2022-12-14,USA Notes 2.625% 31mar2025,7629.0
2022-12-14,USA Notes 1.25% 31dec2026,5239.0
2022-12-14,USA Notes 0.625% 31dec2027,8366.0
2022-12-14,USA Bonds 3.25% 15may2042,1994.0
2022-12-14,USA Bonds 3% 15aug2052,2004.0
2022-12-14,Freddie Mac 0.375% 23sep2025,1277.0
2022-12-14,New South Wales Treasury Corp 3% 20may2027,1255.0
2022-12-14,Western Australian Treasury Corporation (WATC) 3.25% 20jul2028,2036.0
2022-12-14,New South Wales Treasury Corp 2.25% 7may2041,846.0
2022-12-14,Belgium OLO 3.75% 22jun2045,898.0
2022-12-14,Japan JGB 0.4% 20sep2025,3667.0
2022-12-14,Japan JGB 0.1% 20sep2027,5080.0
2022-12-14,Japan JGB 0.1% 20jun2031,5328.0
2022-12-14,Japan JGB 1% 20dec2035,2870.0
2022-12-14,Japan JGB 1.7% 20sep2044,3786.0
2022-12-14,Spain OBL 3.8% 30apr2024,2128.0
2022-12-14,Spain OBL 2.15% 31oct2025,1774.0
2022-12-14,Spain OBL 1.45% 31oct2027,3695.0
2022-12-14,Spain OBL 2.35% 30jul2033,1189.0
2022-12-14,Spain OBL 2.9% 31oct2046,1662.0
2022-12-15,USA Notes 2.625% 31mar2025,7629.0
2022-12-15,USA Notes 1.25% 31dec2026,5239.0
2022-12-15,USA Notes 0.625% 31dec2027,8366.0
2022-12-15,USA Bonds 3.25% 15may2042,1995.0
2022-12-15,USA Bonds 3% 15aug2052,2005.0
2022-12-15,Freddie Mac 0.375% 23sep2025,1277.0
2022-12-15,New South Wales Treasury Corp 3% 20may2027,1255.0
2022-12-15,Western Australian Treasury Corporation (WATC) 3.25% 20jul2028,2036.0
2022-12-15,New South Wales Treasury Corp 2.25% 7may2041,847.0
2022-12-15,Belgium OLO 3.75% 22jun2045,899.0
2022-12-15,Japan JGB 0.4% 20sep2025,3667.0
2022-12-15,Japan JGB 0.1% 20sep2027,5080.0
2022-12-15,Japan JGB 0.1% 20jun2031,5328.0
2022-12-15,Japan JGB 1% 20dec2035,2870.0
2022-12-15,Japan JGB 1.7% 20sep2044,3785.0
2022-12-15,Spain OBL 3.8% 30apr2024,2128.0
2022-12-15,Spain OBL 2.15% 31oct2025,1774.0
2022-12-15,Spain OBL 1.45% 31oct2027,3695.0
2022-12-15,Spain OBL 2.35% 30jul2033,1189.0
2022-12-15,Spain OBL 2.9% 31oct2046,1663.0
2022-12-16,USA Notes 2.625% 31mar2025,7630.0
2022-12-16,USA Notes 1.25% 31dec2026,5240.0
2022-12-16,USA Notes 0.625% 31dec2027,8366.0
2022-12-16,USA Bonds 3.25% 15may2042,1994.0
2022-12-16,USA Bonds 3% 15aug2052,2004.0
2022-12-16,Freddie Mac 0.375% 23sep2025,1277.0
2022-12-16,New South Wales Treasury Corp 3% 20may2027,1255.0
2022-12-16,Western Australian Treasury Corporation (WATC) 3.25% 20jul2028,2037.0
2022-12-16,New South Wales Treasury Corp 2.25% 7may2041,847.0
2022-12-16,Belgium OLO 3.75% 22jun2045,900.0
2022-12-16,Japan JGB 0.4% 20sep2025,3667.0
2022-12-16,Japan JGB 0.1% 20sep2027,5080.0
2022-12-16,Japan JGB 0.1% 20jun2031,5328.0
2022-12-16,Japan JGB 1% 20dec2035,2870.0
2022-12-16,Japan JGB 1.7% 20sep2044,3784.0
2022-12-16,Spain OBL 3.8% 30apr2024,2128.0
2022-12-16,Spain OBL 2.15% 31oct2025,1775.0
2022-12-16,Spain OBL 1.45% 31oct2027,3698.0
2022-12-16,Spain OBL 2.35% 30jul2033,1190.0
2022-12-16,Spain OBL 2.9% 31oct2046,1665.0
2022-12-19,USA Notes 2.625% 31mar2025,7629.0
2022-12-19,USA Notes 1.25% 31dec2026,5240.0
2022-12-19,USA Notes 0.625% 31dec2027,8367.0
2022-12-19,USA Bonds 3.25% 15may2042,1995.0
2022-12-19,USA Bonds 3% 15aug2052,2005.0
2022-12-19,Freddie Mac 0.375% 23sep2025,1277.0
2022-12-19,New South Wales Treasury Corp 3% 20may2027,1255.0
2022-12-19,Western Australian Treasury Corporation (WATC) 3.25% 20jul2028,2037.0
2022-12-19,New South Wales Treasury Corp 2.25% 7may2041,847.0
2022-12-19,Belgium OLO 3.75% 22jun2045,901.0
2022-12-19,Japan JGB 0.4% 20sep2025,3667.0
2022-12-19,Japan JGB 0.1% 20sep2027,5080.0
2022-12-19,Japan JGB 0.1% 20jun2031,5329.0
2022-12-19,Japan JGB 1% 20dec2035,2871.0
2022-12-19,Japan JGB 1.7% 20sep2044,3786.0
2022-12-19,Spain OBL 3.8% 30apr2024,2128.0
2022-12-19,Spain OBL 2.15% 31oct2025,1775.0
2022-12-19,Spain OBL 1.45% 31oct2027,3699.0
2022-12-19,Spain OBL 2.35% 30jul2033,1190.0
2022-12-19,Spain OBL 2.9% 31oct2046,1666.0
2022-12-20,USA Notes 2.625% 31mar2025,7629.0
2022-12-20,USA Notes 1.25% 31dec2026,5240.0
2022-12-20,USA Notes 0.625% 31dec2027,8368.0
2022-12-20,USA Bonds 3.25% 15may2042,1997.0
2022-12-20,USA Bonds 3% 15aug2052,2007.0
2022-12-20,Freddie Mac 0.375% 23sep2025,1277.0
2022-12-20,New South Wales Treasury Corp 3% 20may2027,1255.0
2022-12-20,Western Australian Treasury Corporation (WATC) 3.25% 20jul2028,2037.0
2022-12-20,New South Wales Treasury Corp 2.25% 7may2041,847.0
2022-12-20,Belgium OLO 3.75% 22jun2045,901.0
2022-12-20,Japan JGB 0.4% 20sep2025,3666.0
2022-12-20,Japan JGB 0.1% 20sep2027,5080.0
2022-12-20,Japan JGB 0.1% 20jun2031,5329.0
2022-12-20,Japan JGB 1% 20dec2035,2871.0
2022-12-20,Japan JGB 1.7% 20sep2044,3789.0
2022-12-20,Spain OBL 3.8% 30apr2024,2128.0
2022-12-20,Spain OBL 2.15% 31oct2025,1775.0
2022-12-20,Spain OBL 1.45% 31oct2027,3699.0
2022-12-20,Spain OBL 2.35% 30jul2033,1190.0
2022-12-20,Spain OBL 2.9% 31oct2046,1667.0
2022-12-21,USA Notes 2.625% 31mar2025,7630.0
2022-12-21,USA Notes 1.25% 31dec2026,5241.0
2022-12-21,USA Notes 0.625% 31dec2027,8370.0
2022-12-21,USA Bonds 3.25% 15may2042,1998.0
2022-12-21,USA Bonds 3% 15aug2052,2008.0
2022-12-21,Freddie Mac 0.375% 23sep2025,1277.0
2022-12-21,New South Wales Treasury Corp 3% 20may2027,1255.0
2022-12-21,Western Australian Treasury Corporation (WATC) 3.25% 20jul2028,2038.0
2022-12-21,New South Wales Treasury Corp 2.25% 7may2041,848.0
2022-12-21,Belgium OLO 3.75% 22jun2045,903.0
2022-12-21,Japan JGB 0.4% 20sep2025,3667.0
2022-12-21,Japan JGB 0.1% 20sep2027,5081.0
2022-12-21,Japan JGB 0.1% 20jun2031,5329.0
2022-12-21,Japan JGB 1% 20dec2035,2871.0
2022-12-21,Japan JGB 1.7% 20sep2044,3791.0
2022-12-21,Spain OBL 3.8% 30apr2024,2128.0
2022-12-21,Spain OBL 2.15% 31oct2025,1775.0
2022-12-21,Spain OBL 1.45% 31oct2027,3700.0
2022-12-21,Spain OBL 2.35% 30jul2033,1191.0
2022-12-21,Spain OBL 2.9% 31oct2046,1668.0
2022-12-22,USA Notes 2.625% 31mar2025,7629.0
2022-12-22,USA Notes 1.25% 31dec2026,5240.0
2022-12-22,USA Notes 0.625% 31dec2027,8370.0
2022-12-22,USA Bonds 3.25% 15may2042,1998.0
2022-12-22,USA Bonds 3% 15aug2052,2009.0
2022-12-22,Freddie Mac 0.375% 23sep2025,1277.0
2022-12-22,New South Wales Treasury Corp 3% 20may2027,1255.0
2022-12-22,Western Australian Treasury Corporation (WATC) 3.25% 20jul2028,2038.0
2022-12-22,New South Wales Treasury Corp 2.25% 7may2041,848.0
2022-12-22,Belgium OLO 3.75% 22jun2045,903.0
2022-12-22,Japan JGB 0.4% 20sep2025,3667.0
2022-12-22,Japan JGB 0.1% 20sep2027,5081.0
2022-12-22,Japan JGB 0.1% 20jun2031,5333.0
2022-12-22,Japan JGB 1% 20dec2035,2873.0
2022-12-22,Japan JGB 1.7% 20sep2044,3794.0
2022-12-22,Spain OBL 3.8% 30apr2024,2128.0
2022-12-22,Spain OBL 2.15% 31oct2025,1775.0
2022-12-22,Spain OBL 1.45% 31oct2027,3700.0
2022-12-22,Spain OBL 2.35% 30jul2033,1191.0
2022-12-22,Spain OBL 2.9% 31oct2046,1669.0
2022-12-23,USA Notes 2.625% 31mar2025,7630.0
2022-12-23,USA Notes 1.25% 31dec2026,5240.0
2022-12-23,USA Notes 0.625% 31dec2027,8369.0
2022-12-23,USA Bonds 3.25% 15may2042,1998.0
2022-12-23,USA Bonds 3% 15aug2052,2008.0
2022-12-23,Freddie Mac 0.375% 23sep2025,1277.0
2022-12-23,New South Wales Treasury Corp 3% 20may2027,1256.0
2022-12-23,Western Australian Treasury Corporation (WATC) 3.25% 20jul2028,2038.0
2022-12-23,New South Wales Treasury Corp 2.25% 7may2041,848.0
2022-12-23,Belgium OLO 3.75% 22jun2045,903.0
2022-12-23,Japan JGB 0.4% 20sep2025,3667.0
2022-12-23,Japan JGB 0.1% 20sep2027,5083.0
2022-12-23,Japan JGB 0.1% 20jun2031,5335.0
2022-12-23,Japan JGB 1% 20dec2035,2874.0
2022-12-23,Japan JGB 1.7% 20sep2044,3794.0
2022-12-23,Spain OBL 3.8% 30apr2024,2128.0
2022-12-23,Spain OBL 2.15% 31oct2025,1775.0
2022-12-23,Spain OBL 1.45% 31oct2027,3700.0
2022-12-23,Spain OBL 2.35% 30jul2033,1191.0
2022-12-23,Spain OBL 2.9% 31oct2046,1669.0
2022-12-27,USA Notes 2.625% 31mar2025,7630.0
2022-12-27,USA Notes 1.25% 31dec2026,5241.0
2022-12-27,USA Notes 0.625% 31dec2027,8371.0
2022-12-27,USA Bonds 3.25% 15may2042,1999.0
2022-12-27,USA Bonds 3% 15aug2052,2010.0
2022-12-27,Freddie Mac 0.375% 23sep2025,1277.0
2022-12-27,New South Wales Treasury Corp 3% 20may2027,1256.0
2022-12-27,Western Australian Treasury Corporation (WATC) 3.25% 20jul2028,2038.0
2022-12-27,New South Wales Treasury Corp 2.25% 7may2041,848.0
2022-12-27,Belgium OLO 3.75% 22jun2045,903.0
2022-12-27,Japan JGB 0.4% 20sep2025,3667.0
2022-12-27,Japan JGB 0.1% 20sep2027,5082.0
2022-12-27,Japan JGB 0.1% 20jun2031,5333.0
2022-12-27,Japan JGB 1% 20dec2035,2873.0
2022-12-27,Japan JGB 1.7% 20sep2044,3793.0
2022-12-27,Spain OBL 3.8% 30apr2024,2128.0
2022-12-27,Spain OBL 2.15% 31oct2025,1775.0
2022-12-27,Spain OBL 1.45% 31oct2027,3700.0
2022-12-27,Spain OBL 2.35% 30jul2033,1191.0
2022-12-27,Spain OBL 2.9% 31oct2046,1670.0
2022-12-28,USA Notes 2.625% 31mar2025,7631.0
2022-12-28,USA Notes 1.25% 31dec2026,5242.0
2022-12-28,USA Notes 0.625% 31dec2027,8374.0
2022-12-28,USA Bonds 3.25% 15may2042,2001.0
2022-12-28,USA Bonds 3% 15aug2052,2011.0
2022-12-28,Freddie Mac 0.375% 23sep2025,1277.0
2022-12-28,New South Wales Treasury Corp 3% 20may2027,1256.0
2022-12-28,Western Australian Treasury Corporation (WATC) 3.25% 20jul2028,2038.0
2022-12-28,New South Wales Treasury Corp 2.25% 7may2041,848.0
2022-12-28,Belgium OLO 3.75% 22jun2045,905.0
2022-12-28,Japan JGB 0.4% 20sep2025,3667.0
2022-12-28,Japan JGB 0.1% 20sep2027,5083.0
2022-12-28,Japan JGB 0.1% 20jun2031,5334.0
2022-12-28,Japan JGB 1% 20dec2035,2874.0
2022-12-28,Japan JGB 1.7% 20sep2044,3793.0
2022-12-28,Spain OBL 3.8% 30apr2024,2128.0
2022-12-28,Spain OBL 2.15% 31oct2025,1775.0
2022-12-28,Spain OBL 1.45% 31oct2027,3701.0
2022-12-28,Spain OBL 2.35% 30jul2033,1192.0
2022-12-28,Spain OBL 2.9% 31oct2046,1671.0
2022-12-29,USA Notes 2.625% 31mar2025,7631.0
2022-12-29,USA Notes 1.25% 31dec2026,5242.0
2022-12-29,USA Notes 0.625% 31dec2027,8375.0
2022-12-29,USA Bonds 3.25% 15may2042,2002.0
2022-12-29,USA Bonds 3% 15aug2052,2012.0
2022-12-29,Freddie Mac 0.375% 23sep2025,1277.0
2022-12-29,New South Wales Treasury Corp 3% 20may2027,1256.0
2022-12-29,Western Australian Treasury Corporation (WATC) 3.25% 20jul2028,2040.0
2022-12-29,New South Wales Treasury Corp 2.25% 7may2041,850.0
2022-12-29,Belgium OLO 3.75% 22jun2045,905.0
2022-12-29,Japan JGB 0.4% 20sep2025,3667.0
2022-12-29,Japan JGB 0.1% 20sep2027,5083.0
2022-12-29,Japan JGB 0.1% 20jun2031,5335.0
2022-12-29,Japan JGB 1% 20dec2035,2874.0
2022-12-29,Japan JGB 1.7% 20sep2044,3794.0
2022-12-29,Spain OBL 3.8% 30apr2024,2128.0
2022-12-29,Spain OBL 2.15% 31oct2025,1775.0
2022-12-29,Spain OBL 1.45% 31oct2027,3701.0
2022-12-29,Spain OBL 2.35% 30jul2033,1191.0
2022-12-29,Spain OBL 2.9% 31oct2046,1672.0
2022-12-30,USA Notes 2.625% 31mar2025,7631.0
2022-12-30,USA Notes 1.25% 31dec2026,5242.0
2022-12-30,USA Notes 0.625% 31dec2027,8375.0
2022-12-30,USA Bonds 3.25% 15may2042,2001.0
2022-12-30,USA Bonds 3% 15aug2052,2012.0
2022-12-30,Freddie Mac 0.375% 23sep2025,1277.0
2022-12-30,New South Wales Treasury Corp 3% 20may2027,1256.0
2022-12-30,Western Australian Treasury Corporation (WATC) 3.25% 20jul2028,2040.0
2022-12-30,New South Wales Treasury Corp 2.25% 7may2041,849.0
2022-12-30,Belgium OLO 3.75% 22jun2045,904.0
2022-12-30,Japan JGB 0.4% 20sep2025,3667.0
2022-12-30,Japan JGB 0.1% 20sep2027,5083.0
2022-12-30,Japan JGB 0.1% 20jun2031,5335.0
2022-12-30,Japan JGB 1% 20dec2035,2875.0
2022-12-30,Japan JGB 1.7% 20sep2044,3796.0
2022-12-30,Spain OBL 3.8% 30apr2024,2128.0
2022-12-30,Spain OBL 2.15% 31oct2025,1775.0
2022-12-30,Spain OBL 1.45% 31oct2027,3700.0
2022-12-30,Spain OBL 2.35% 30jul2033,1191.0
2022-12-30,Spain OBL 2.9% 31oct2046,1671.0
